year,rank,title,worldwide_gross_usd,boxofficemojo_release_group_url,annual_ranking_source_url,imdb_id,wikidata_url,wikidata_label,wikidata_instance_of,wikidata_genres,wikidata_countries,wikidata_production_companies,wikidata_original_languages,wikidata_qid,wikidata_join_property,wikidata_query_service_url,wikidata_retrieved,wikidata_license
2016,1,Captain America: Civil War,1153296293,https://www.boxofficemojo.com/releasegroup/gr2136297989/,https://www.boxofficemojo.com/year/world/2016/?sort=rank&sortDir=asc,tt3498820,http://www.wikidata.org/entity/Q18407657,Captain America: Civil War,film,superhero film,United States,Marvel Studios,English,Q18407657,P345 (IMDb ID),https://query.wikidata.org/sparql,2026-07-23,CC0 1.0
2016,2,Rogue One: A Star Wars Story,1056057273,https://www.boxofficemojo.com/releasegroup/gr384520709/,https://www.boxofficemojo.com/year/world/2016/?sort=rank&sortDir=asc,tt3748528,http://www.wikidata.org/entity/Q19590955,Rogue One: A Star Wars Story,film,fantasy film | action film | war film | space opera | science fiction film,United States,Lucasfilm,English,Q19590955,P345 (IMDb ID),https://query.wikidata.org/sparql,2026-07-23,CC0 1.0
2016,3,Finding Dory,1028570889,https://www.boxofficemojo.com/releasegroup/gr1869238789/,https://www.boxofficemojo.com/year/world/2016/?sort=rank&sortDir=asc,tt2277860,http://www.wikidata.org/entity/Q9321426,Finding Dory,animated film,comedy film | adventure film | comedy drama | family film | flashback film,United States,Pixar | Walt Disney Pictures,English,Q9321426,P345 (IMDb ID),https://query.wikidata.org/sparql,2026-07-23,CC0 1.0
2016,4,Zootopia,1023784195,https://www.boxofficemojo.com/releasegroup/gr1680691717/,https://www.boxofficemojo.com/year/world/2016/?sort=rank&sortDir=asc,tt2948356,http://www.wikidata.org/entity/Q15270647,Zootopia,animated film,comedy film | adventure film | family film | action comedy film | buddy cop film | detective film,United States,Walt Disney Pictures | Q1047410,English,Q15270647,P345 (IMDb ID),https://query.wikidata.org/sparql,2026-07-23,CC0 1.0
2016,5,The Jungle Book,966550600,https://www.boxofficemojo.com/releasegroup/gr1103385093/,https://www.boxofficemojo.com/year/world/2016/?sort=rank&sortDir=asc,tt3040964,http://www.wikidata.org/entity/Q16857406,The Jungle Book,film,drama film | fantasy film | action film | adventure film | live action,United States,Walt Disney Pictures | Shepperton Studios | Disney Character Voices International | Fairview Entertainment | SDI Media Iberia,English,Q16857406,P345 (IMDb ID),https://query.wikidata.org/sparql,2026-07-23,CC0 1.0
2016,6,The Secret Life of Pets,875697467,https://www.boxofficemojo.com/releasegroup/gr4228141573/,https://www.boxofficemojo.com/year/world/2016/?sort=rank&sortDir=asc,tt2709768,http://www.wikidata.org/entity/Q18844656,The Secret Life of Pets,film | animated film,comedy film | adventure film | family film,United States,Illumination,English,Q18844656,P345 (IMDb ID),https://query.wikidata.org/sparql,2026-07-23,CC0 1.0
2016,7,Batman v Superman: Dawn of Justice,874360194,https://www.boxofficemojo.com/releasegroup/gr4182135301/,https://www.boxofficemojo.com/year/world/2016/?sort=rank&sortDir=asc,tt2975590,http://www.wikidata.org/entity/Q14772351,Batman v Superman: Dawn of Justice,film | cut,superhero film | crossover fiction,United States,The Stone Quarry | DC Entertainment | RatPac-Dune Entertainment,English,Q14772351,P345 (IMDb ID),https://query.wikidata.org/sparql,2026-07-23,CC0 1.0
2016,8,Fantastic Beasts and Where to Find Them,816037575,https://www.boxofficemojo.com/releasegroup/gr3670495749/,https://www.boxofficemojo.com/year/world/2016/?sort=rank&sortDir=asc,tt3183660,http://www.wikidata.org/entity/Q18199330,Fantastic Beasts and Where to Find Them,film,drama film | fantasy film | adventure film | children's film,United States | United Kingdom,Warner Bros. Entertainment | Heyday Films | Q65557474,English,Q18199330,P345 (IMDb ID),https://query.wikidata.org/sparql,2026-07-23,CC0 1.0
2016,9,Deadpool,782612155,https://www.boxofficemojo.com/releasegroup/gr2532200965/,https://www.boxofficemojo.com/year/world/2016/?sort=rank&sortDir=asc,tt1431045,http://www.wikidata.org/entity/Q19347291,Deadpool,film,action film | erotic film | superhero film | black comedy film,United States,Marvel Entertainment | The Donners' Company | TSG Entertainment | Genre Films,English,Q19347291,P345 (IMDb ID),https://query.wikidata.org/sparql,2026-07-23,CC0 1.0
2016,10,Suicide Squad,749200054,https://www.boxofficemojo.com/releasegroup/gr457593349/,https://www.boxofficemojo.com/year/world/2016/?sort=rank&sortDir=asc,tt1386697,http://www.wikidata.org/entity/Q18604504,Suicide Squad,film,fantasy film | action film | adventure film | science fiction film | prison film | superhero film | vigilante film,United States,RatPac-Dune Entertainment | DC Studios,English,Q18604504,P345 (IMDb ID),https://query.wikidata.org/sparql,2026-07-23,CC0 1.0
2016,11,Doctor Strange,677718395,https://www.boxofficemojo.com/releasegroup/gr2284737029/,https://www.boxofficemojo.com/year/world/2016/?sort=rank&sortDir=asc,tt1211837,http://www.wikidata.org/entity/Q18406872,Doctor Strange,film,fantasy film | action film | adventure film | science fiction film | superhero film,United States,Marvel Studios,English,Q18406872,P345 (IMDb ID),https://query.wikidata.org/sparql,2026-07-23,CC0 1.0
2016,12,Moana,643331111,https://www.boxofficemojo.com/releasegroup/gr1742623237/,https://www.boxofficemojo.com/year/world/2016/?sort=rank&sortDir=asc,tt3521164,http://www.wikidata.org/entity/Q18647981,Moana,animated film,comedy film | action film | adventure film | musical film | comedy drama,United States,Walt Disney Pictures | Q1047410,English,Q18647981,P345 (IMDb ID),https://query.wikidata.org/sparql,2026-07-23,CC0 1.0
2016,13,Sing,634151679,https://www.boxofficemojo.com/releasegroup/gr3642970629/,https://www.boxofficemojo.com/year/world/2016/?sort=rank&sortDir=asc,tt3470600,http://www.wikidata.org/entity/Q20762698,Sing,animated film,drama film | comedy film | musical film | family film,United States,Universal Pictures | Illumination,English,Q20762698,P345 (IMDb ID),https://query.wikidata.org/sparql,2026-07-23,CC0 1.0
2016,14,The Mermaid,553810228,https://www.boxofficemojo.com/releasegroup/gr719016453/,https://www.boxofficemojo.com/year/world/2016/?sort=rank&sortDir=asc,tt4701660,http://www.wikidata.org/entity/Q21834546,The Mermaid,film,fantasy film | comedy film,People's Republic of China | Hong Kong,China Film Group Corporation,Putonghua,Q21834546,P345 (IMDb ID),https://query.wikidata.org/sparql,2026-07-23,CC0 1.0
2016,15,X-Men: Apocalypse,543934105,https://www.boxofficemojo.com/releasegroup/gr2590724613/,https://www.boxofficemojo.com/year/world/2016/?sort=rank&sortDir=asc,tt3385516,http://www.wikidata.org/entity/Q17042878,X-Men: Apocalypse,film,fantasy film | science fiction film | superhero film | science fiction action film | apocalyptic film,United States,20th Century Studios | Bad Hat Harry Productions | Marvel Entertainment | The Donners' Company | TSG Entertainment,German | Polish | English | Russian | Arabic,Q17042878,P345 (IMDb ID),https://query.wikidata.org/sparql,2026-07-23,CC0 1.0
2016,16,Kung Fu Panda 3,521170825,https://www.boxofficemojo.com/releasegroup/gr4045558277/,https://www.boxofficemojo.com/year/world/2016/?sort=rank&sortDir=asc,tt2267968,http://www.wikidata.org/entity/Q15055043,Kung Fu Panda 3,animated film,comedy film | action film | adventure film | martial arts film | children's film,United States | People's Republic of China,DreamWorks Animation,English,Q15055043,P345 (IMDb ID),https://query.wikidata.org/sparql,2026-07-23,CC0 1.0
2016,17,La La Land,447407695,https://www.boxofficemojo.com/releasegroup/gr2781106693/,https://www.boxofficemojo.com/year/world/2016/?sort=rank&sortDir=asc,tt3783958,http://www.wikidata.org/entity/Q20856802,,film,drama film | comedy film | musical film | comedy drama | romance film | dance film,United States,Starz Entertainment | Summit Entertainment,English,Q20856802,P345 (IMDb ID),https://query.wikidata.org/sparql,2026-07-23,CC0 1.0
2016,18,Warcraft,439048914,https://www.boxofficemojo.com/releasegroup/gr2367640069/,https://www.boxofficemojo.com/year/world/2016/?sort=rank&sortDir=asc,tt0803096,http://www.wikidata.org/entity/Q14513321,Warcraft,film,fantasy film | action film | adventure film,United States | United Kingdom,Blizzard Entertainment | Legendary Pictures | Atlas Entertainment | Tencent Pictures,English,Q14513321,P345 (IMDb ID),https://query.wikidata.org/sparql,2026-07-23,CC0 1.0
2016,19,Jason Bourne,415484914,https://www.boxofficemojo.com/releasegroup/gr2385007109/,https://www.boxofficemojo.com/year/world/2016/?sort=rank&sortDir=asc,tt4196776,http://www.wikidata.org/entity/Q19481099,Jason Bourne,film,action film | mystery film | thriller film | action thriller,United States,Universal Pictures,English,Q19481099,P345 (IMDb ID),https://query.wikidata.org/sparql,2026-07-23,CC0 1.0
2016,20,Ice Age: Collision Course,408579038,https://www.boxofficemojo.com/releasegroup/gr307778053/,https://www.boxofficemojo.com/year/world/2016/?sort=rank&sortDir=asc,tt3416828,http://www.wikidata.org/entity/Q15965953,Ice Age: Collision Course,animated film,comedy film | adventure film | science fiction film | family film,United States,20th Century Animation | Blue Sky Studios,English,Q15965953,P345 (IMDb ID),https://query.wikidata.org/sparql,2026-07-23,CC0 1.0
2017,1,Star Wars: Episode VIII - The Last Jedi,1332539889,https://www.boxofficemojo.com/releasegroup/gr3764736517/,https://www.boxofficemojo.com/year/world/2017/?sort=rank&sortDir=asc,tt2527336,http://www.wikidata.org/entity/Q18486021,Star Wars: Episode VIII – The Last Jedi,film,fantasy film | action film | adventure film | space opera | science fiction film,United States,Lucasfilm,English,Q18486021,P345 (IMDb ID),https://query.wikidata.org/sparql,2026-07-23,CC0 1.0
2017,2,Beauty and the Beast,1263521126,https://www.boxofficemojo.com/releasegroup/gr1429688837/,https://www.boxofficemojo.com/year/world/2017/?sort=rank&sortDir=asc,tt2771200,http://www.wikidata.org/entity/Q19946102,Beauty and the Beast,film,drama film | fantasy film | musical film | romance film | family film | melodrama | cinematic fairy tale | romantic drama,United States,Walt Disney Pictures | Mandeville Films,English,Q19946102,P345 (IMDb ID),https://query.wikidata.org/sparql,2026-07-23,CC0 1.0
2017,3,The Fate of the Furious,1236005118,https://www.boxofficemojo.com/releasegroup/gr38949381/,https://www.boxofficemojo.com/year/world/2017/?sort=rank&sortDir=asc,tt4630562,http://www.wikidata.org/entity/Q19829521,The Fate of the Furious,film,action film | crime film,United States,Universal Pictures,English,Q19829521,P345 (IMDb ID),https://query.wikidata.org/sparql,2026-07-23,CC0 1.0
2017,4,Despicable Me 3,1034799409,https://www.boxofficemojo.com/releasegroup/gr1982484997/,https://www.boxofficemojo.com/year/world/2017/?sort=rank&sortDir=asc,tt3469046,http://www.wikidata.org/entity/Q22997984,Despicable Me 3,animated film,comedy film,United States,Illumination,English,Q22997984,P345 (IMDb ID),https://query.wikidata.org/sparql,2026-07-23,CC0 1.0
2017,5,Jumanji: Welcome to the Jungle,962077546,https://www.boxofficemojo.com/releasegroup/gr2130465285/,https://www.boxofficemojo.com/year/world/2017/?sort=rank&sortDir=asc,tt2283362,http://www.wikidata.org/entity/Q20762680,Jumanji: Welcome to the Jungle,film,fantasy film | comedy film | action film | adventure film,United States,Columbia Pictures | Radar Pictures,English,Q20762680,P345 (IMDb ID),https://query.wikidata.org/sparql,2026-07-23,CC0 1.0
2017,6,Spider-Man: Homecoming,880166924,https://www.boxofficemojo.com/releasegroup/gr65032709/,https://www.boxofficemojo.com/year/world/2017/?sort=rank&sortDir=asc,tt2250912,http://www.wikidata.org/entity/Q23010088,Spider-Man: Homecoming,film,action film | superhero film,United States,Columbia Pictures | Marvel Studios,English,Q23010088,P345 (IMDb ID),https://query.wikidata.org/sparql,2026-07-23,CC0 1.0
2017,7,Wolf Warrior 2,870325439,https://www.boxofficemojo.com/releasegroup/gr3036500485/,https://www.boxofficemojo.com/year/world/2017/?sort=rank&sortDir=asc,tt7131870,http://www.wikidata.org/entity/Q27964540,Wolf Warrior 2,film,action film | thriller film,People's Republic of China,,English | Chinese,Q27964540,P345 (IMDb ID),https://query.wikidata.org/sparql,2026-07-23,CC0 1.0
2017,8,Guardians of the Galaxy: Vol. 2,863756051,https://www.boxofficemojo.com/releasegroup/gr388583941/,https://www.boxofficemojo.com/year/world/2017/?sort=rank&sortDir=asc,tt3896198,http://www.wikidata.org/entity/Q20001199,Guardians of the Galaxy Vol. 2,film,comedy film | adventure film | science fiction film,United States,Marvel Studios,English,Q20001199,P345 (IMDb ID),https://query.wikidata.org/sparql,2026-07-23,CC0 1.0
2017,9,Thor: Ragnarok,853977126,https://www.boxofficemojo.com/releasegroup/gr197939717/,https://www.boxofficemojo.com/year/world/2017/?sort=rank&sortDir=asc,tt3501632,http://www.wikidata.org/entity/Q22665878,Thor: Ragnarok,film,fantasy film | comedy film | action film | adventure film | science fiction film | superhero film,United States,Marvel Studios | Walt Disney Studios Motion Pictures,English,Q22665878,P345 (IMDb ID),https://query.wikidata.org/sparql,2026-07-23,CC0 1.0
2017,10,Wonder Woman,822963408,https://www.boxofficemojo.com/releasegroup/gr1207325189/,https://www.boxofficemojo.com/year/world/2017/?sort=rank&sortDir=asc,tt0451279,http://www.wikidata.org/entity/Q20502242,Wonder Woman,film | superhero film,drama film | fantasy film | action film | adventure film | war film | superhero film,United States,Warner Bros. Entertainment | RatPac-Dune Entertainment | Tencent Pictures | DC Studios,English,Q20502242,P345 (IMDb ID),https://query.wikidata.org/sparql,2026-07-23,CC0 1.0
2017,11,Coco,814641172,https://www.boxofficemojo.com/releasegroup/gr2402243077/,https://www.boxofficemojo.com/year/world/2017/?sort=rank&sortDir=asc,tt2380307,http://www.wikidata.org/entity/Q5815826,Coco,animated film,drama film | fantasy film | comedy film | adventure film | musical film | family film | melodrama | detective film | ghost film,United States | Mexico,Pixar | Walt Disney Pictures,Spanish | English,Q5815826,P345 (IMDb ID),https://query.wikidata.org/sparql,2026-07-23,CC0 1.0
2017,12,Pirates of the Caribbean: Dead Men Tell No Tales,794861794,https://www.boxofficemojo.com/releasegroup/gr1009078789/,https://www.boxofficemojo.com/year/world/2017/?sort=rank&sortDir=asc,tt1790809,http://www.wikidata.org/entity/Q10350033,Pirates of the Caribbean: Dead Men Tell no Tales,film,fantasy film | comedy film | swashbuckler film | pirate film | treasure hunt film,United States,The Walt Disney Company | Walt Disney Pictures | Q17305144,English,Q10350033,P345 (IMDb ID),https://query.wikidata.org/sparql,2026-07-23,CC0 1.0
2017,13,It,702781748,https://www.boxofficemojo.com/releasegroup/gr1547719173/,https://www.boxofficemojo.com/year/world/2017/?sort=rank&sortDir=asc,tt1396484,http://www.wikidata.org/entity/Q25136484,It,film,fantasy film | horror film | contemporary fantasy | mystery film | thriller film | supernatural film | supernatural horror film | coming-of-age film | psychological thriller film,United States,New Line Cinema,English,Q25136484,P345 (IMDb ID),https://query.wikidata.org/sparql,2026-07-23,CC0 1.0
2017,14,Justice League,661324295,https://www.boxofficemojo.com/releasegroup/gr2733527557/,https://www.boxofficemojo.com/year/world/2017/?sort=rank&sortDir=asc,tt0974015,http://www.wikidata.org/entity/Q20501835,Justice League,film,fantasy film | action film | adventure film | science fiction film | superhero film | science fiction action film,United States,The Stone Quarry | DC Studios,English,Q20501835,P345 (IMDb ID),https://query.wikidata.org/sparql,2026-07-23,CC0 1.0
2017,15,Logan,619021436,https://www.boxofficemojo.com/releasegroup/gr4057092613/,https://www.boxofficemojo.com/year/world/2017/?sort=rank&sortDir=asc,tt3315342,http://www.wikidata.org/entity/Q24053263,Logan,film,drama film | action film | science fiction film | superhero film | survival film | dystopian film,United States,20th Century Studios | Marvel Entertainment,English,Q24053263,P345 (IMDb ID),https://query.wikidata.org/sparql,2026-07-23,CC0 1.0
2017,16,Transformers: The Last Knight,605425157,https://www.boxofficemojo.com/releasegroup/gr438653445/,https://www.boxofficemojo.com/year/world/2017/?sort=rank&sortDir=asc,tt3371366,http://www.wikidata.org/entity/Q24251026,Transformers: The Last Knight,film,science fiction action film,United States,Paramount Pictures | DreamWorks,English,Q24251026,P345 (IMDb ID),https://query.wikidata.org/sparql,2026-07-23,CC0 1.0
2017,17,Kong: Skull Island,568652812,https://www.boxofficemojo.com/releasegroup/gr3991622149/,https://www.boxofficemojo.com/year/world/2017/?sort=rank&sortDir=asc,tt3731562,http://www.wikidata.org/entity/Q21203766,Kong: Skull Island,film,fantasy film | action film | speculative fiction film,United States,Warner Bros. Entertainment | Legendary Pictures | Tencent Pictures | Q65557474,English,Q21203766,P345 (IMDb ID),https://query.wikidata.org/sparql,2026-07-23,CC0 1.0
2017,18,The Boss Baby,527965936,https://www.boxofficemojo.com/releasegroup/gr2517979653/,https://www.boxofficemojo.com/year/world/2017/?sort=rank&sortDir=asc,tt3874544,http://www.wikidata.org/entity/Q18619153,The Boss Baby,animated film,comedy film | family film,United States,DreamWorks Animation,English,Q18619153,P345 (IMDb ID),https://query.wikidata.org/sparql,2026-07-23,CC0 1.0
2017,19,Dunkirk,526045546,https://www.boxofficemojo.com/releasegroup/gr3929100805/,https://www.boxofficemojo.com/year/world/2017/?sort=rank&sortDir=asc,tt5013056,http://www.wikidata.org/entity/Q21935651,Dunkirk,film,drama film | war film | historical film,United States | Netherlands | France | United Kingdom,Warner Bros. Entertainment | Canal+ | Syncopy Inc. | StudioCanal | RatPac-Dune Entertainment | Kaap Holland Film | Dombey Street Productions | Q65557474,French | German | English,Q21935651,P345 (IMDb ID),https://query.wikidata.org/sparql,2026-07-23,CC0 1.0
2017,20,War for the Planet of the Apes,490719763,https://www.boxofficemojo.com/releasegroup/gr2539147781/,https://www.boxofficemojo.com/year/world/2017/?sort=rank&sortDir=asc,tt3450958,http://www.wikidata.org/entity/Q19938437,War for the Planet of the Apes,film,drama film | action film | war film | science fiction film | post-apocalyptic film | dystopian film,United States,Chernin Entertainment,English,Q19938437,P345 (IMDb ID),https://query.wikidata.org/sparql,2026-07-23,CC0 1.0
2018,1,Avengers: Infinity War,2048359754,https://www.boxofficemojo.com/releasegroup/gr3915469317/,https://www.boxofficemojo.com/year/world/2018/?sort=rank&sortDir=asc,tt4154756,http://www.wikidata.org/entity/Q23780914,Avengers: Infinity War,film,action film | adventure film | science fiction film | superhero film,United States,Marvel Studios | Walt Disney Studios Motion Pictures,English,Q23780914,P345 (IMDb ID),https://query.wikidata.org/sparql,2026-07-23,CC0 1.0
2018,2,Black Panther,1346913161,https://www.boxofficemojo.com/releasegroup/gr3458290181/,https://www.boxofficemojo.com/year/world/2018/?sort=rank&sortDir=asc,tt1825683,http://www.wikidata.org/entity/Q23780734,Black Panther,film,action film | adventure film | science fiction film | superhero film,United States,Marvel Studios,American English,Q23780734,P345 (IMDb ID),https://query.wikidata.org/sparql,2026-07-23,CC0 1.0
2018,3,Jurassic World: Fallen Kingdom,1308467944,https://www.boxofficemojo.com/releasegroup/gr3108917765/,https://www.boxofficemojo.com/year/world/2018/?sort=rank&sortDir=asc,tt4881806,http://www.wikidata.org/entity/Q21877685,Jurassic World: Fallen Kingdom,film,action film | adventure film | science fiction film,United States,Universal Pictures | Amblin Entertainment | The Kennedy/Marshall Company | Perfect World Pictures,English,Q21877685,P345 (IMDb ID),https://query.wikidata.org/sparql,2026-07-23,CC0 1.0
2018,4,Incredibles 2,1242805359,https://www.boxofficemojo.com/releasegroup/gr2507690501/,https://www.boxofficemojo.com/year/world/2018/?sort=rank&sortDir=asc,tt3606756,http://www.wikidata.org/entity/Q24832112,Incredibles 2,animated film,comedy film | action film | adventure film | superhero film,United States,Pixar | Walt Disney Pictures,English,Q24832112,P345 (IMDb ID),https://query.wikidata.org/sparql,2026-07-23,CC0 1.0
2018,5,Aquaman,1151961807,https://www.boxofficemojo.com/releasegroup/gr1903186437/,https://www.boxofficemojo.com/year/world/2018/?sort=rank&sortDir=asc,tt1477834,http://www.wikidata.org/entity/Q22998395,Aquaman,film,fantasy film | action film | adventure film | science fiction film | superhero film,United States,Warner Bros. Entertainment | The Safran Company,English,Q22998395,P345 (IMDb ID),https://query.wikidata.org/sparql,2026-07-23,CC0 1.0
2018,6,Bohemian Rhapsody,903655259,https://www.boxofficemojo.com/releasegroup/gr4107555333/,https://www.boxofficemojo.com/year/world/2018/?sort=rank&sortDir=asc,tt1727824,http://www.wikidata.org/entity/Q27894574,Bohemian Rhapsody,film,drama film | biographical film | musical film | LGBTQ-related film,United States | United Kingdom,Regency Enterprises | Walt Disney Studios Motion Pictures | GK Films | TriBeCa Productions,English,Q27894574,P345 (IMDb ID),https://query.wikidata.org/sparql,2026-07-23,CC0 1.0
2018,7,Venom,856085151,https://www.boxofficemojo.com/releasegroup/gr3586740741/,https://www.boxofficemojo.com/year/world/2018/?sort=rank&sortDir=asc,tt1270797,http://www.wikidata.org/entity/Q23006268,Venom,film,superhero film | thriller film,United States | People's Republic of China,Columbia Pictures | Sony Pictures | Marvel Entertainment | Tencent Pictures,English | Malay | Standard Chinese,Q23006268,P345 (IMDb ID),https://query.wikidata.org/sparql,2026-07-23,CC0 1.0
2018,8,Mission: Impossible - Fallout,791115104,https://www.boxofficemojo.com/releasegroup/gr248533509/,https://www.boxofficemojo.com/year/world/2018/?sort=rank&sortDir=asc,tt4912910,http://www.wikidata.org/entity/Q29261993,Mission: Impossible – Fallout,film,action film | adventure film | spy film | thriller film,Norway | United States | France | People's Republic of China,Paramount Pictures | Bad Robot Productions | Skydance Media | TC Productions,French | English,Q29261993,P345 (IMDb ID),https://query.wikidata.org/sparql,2026-07-23,CC0 1.0
2018,9,Deadpool 2,734546611,https://www.boxofficemojo.com/releasegroup/gr262820357/,https://www.boxofficemojo.com/year/world/2018/?sort=rank&sortDir=asc,tt5463162,http://www.wikidata.org/entity/Q25431158,Deadpool 2,film,superhero film | speculative fiction film | black comedy film | LGBTQ-related film | time-travel film,United States,20th Century Studios | Marvel Entertainment | The Donners' Company | Genre Films,English,Q25431158,P345 (IMDb ID),https://query.wikidata.org/sparql,2026-07-23,CC0 1.0
2018,10,Fantastic Beasts: The Crimes of Grindelwald,655755901,https://www.boxofficemojo.com/releasegroup/gr3275837957/,https://www.boxofficemojo.com/year/world/2018/?sort=rank&sortDir=asc,tt4123430,http://www.wikidata.org/entity/Q18199331,Fantastic Beasts: The Crimes of Grindelwald,film,drama film | fantasy film | adventure film,United States | United Kingdom,Warner Bros. Entertainment | Heyday Films,English,Q18199331,P345 (IMDb ID),https://query.wikidata.org/sparql,2026-07-23,CC0 1.0
2018,11,Ant-Man and the Wasp,622674139,https://www.boxofficemojo.com/releasegroup/gr869618181/,https://www.boxofficemojo.com/year/world/2018/?sort=rank&sortDir=asc,tt5095030,http://www.wikidata.org/entity/Q22957393,Ant-Man and the Wasp,film,comedy film | action film | adventure film | science fiction film | superhero film,United States,Marvel Studios,English,Q22957393,P345 (IMDb ID),https://query.wikidata.org/sparql,2026-07-23,CC0 1.0
2018,12,Ready Player One,583490172,https://www.boxofficemojo.com/releasegroup/gr1211716101/,https://www.boxofficemojo.com/year/world/2018/?sort=rank&sortDir=asc,tt1677720,http://www.wikidata.org/entity/Q22000542,Ready Player One,film,cyberpunk | action film | adventure film | science fiction film | dystopian film,United States,Warner Bros. Entertainment | DreamWorks | Amblin Entertainment | Village Roadshow Pictures | RatPac-Dune Entertainment | Q65557474,English,Q22000542,P345 (IMDb ID),https://query.wikidata.org/sparql,2026-07-23,CC0 1.0
2018,13,Operation Red Sea,579330426,https://www.boxofficemojo.com/releasegroup/gr2180010501/,https://www.boxofficemojo.com/year/world/2018/?sort=rank&sortDir=asc,tt6878882,http://www.wikidata.org/entity/Q30590974,Operation Red Sea,film,adventure film | war film | action thriller,People's Republic of China | Hong Kong,People's Liberation Army Navy | Emperor Motion Pictures | Polybona Films | Zak Productions,Chinese | Arabic,Q30590974,P345 (IMDb ID),https://query.wikidata.org/sparql,2026-07-23,CC0 1.0
2018,14,Detective Chinatown 2,544185156,https://www.boxofficemojo.com/releasegroup/gr3093189125/,https://www.boxofficemojo.com/year/world/2018/?sort=rank&sortDir=asc,tt7752454,http://www.wikidata.org/entity/Q50143448,Detective Chinatown 2,film,comedy film | action film | buddy film | mystery film,People's Republic of China,,English | Mandarin,Q50143448,P345 (IMDb ID),https://query.wikidata.org/sparql,2026-07-23,CC0 1.0
2018,15,Ralph Breaks the Internet,529323962,https://www.boxofficemojo.com/releasegroup/gr4200485381/,https://www.boxofficemojo.com/year/world/2018/?sort=rank&sortDir=asc,tt5848272,http://www.wikidata.org/entity/Q25167044,Ralph Breaks the Internet,animated film,fantasy film | comedy film | action film | adventure film | family film,United States,Walt Disney Pictures | Q1047410,English,Q25167044,P345 (IMDb ID),https://query.wikidata.org/sparql,2026-07-23,CC0 1.0
2018,16,The Meg,529243742,https://www.boxofficemojo.com/releasegroup/gr214127109/,https://www.boxofficemojo.com/year/world/2018/?sort=rank&sortDir=asc,tt4779682,http://www.wikidata.org/entity/Q27957869,The Meg,film,action film | horror film | adventure film | science fiction film | kaiju | thriller film,United States | People's Republic of China,Warner Bros. Entertainment | di Bonaventura Pictures | Flagship Entertainment,English | Mandarin,Q27957869,P345 (IMDb ID),https://query.wikidata.org/sparql,2026-07-23,CC0 1.0
2018,17,Hotel Transylvania 3: Summer Vacation,528583774,https://www.boxofficemojo.com/releasegroup/gr4181873157/,https://www.boxofficemojo.com/year/world/2018/?sort=rank&sortDir=asc,tt5220122,http://www.wikidata.org/entity/Q28840385,Hotel Transylvania 3: Summer Vacation,animated film,fantasy film | comedy film | comedy horror | monster film | family film | vampire film | werewolf film,United States,Columbia Pictures | Sony Pictures Animation | MRC,English,Q28840385,P345 (IMDb ID),https://query.wikidata.org/sparql,2026-07-23,CC0 1.0
2018,18,The Grinch,512715682,https://www.boxofficemojo.com/releasegroup/gr1661227525/,https://www.boxofficemojo.com/year/world/2018/?sort=rank&sortDir=asc,tt2709692,http://www.wikidata.org/entity/Q15632949,The Grinch,film | animated film,comedy film | Christmas film,United States,Universal Pictures | Illumination,English,Q15632949,P345 (IMDb ID),https://query.wikidata.org/sparql,2026-07-23,CC0 1.0
2018,19,Bumblebee,467989645,https://www.boxofficemojo.com/releasegroup/gr2098156037/,https://www.boxofficemojo.com/year/world/2018/?sort=rank&sortDir=asc,tt4701182,http://www.wikidata.org/entity/Q34220038,Bumblebee,film,action film | adventure film | science fiction film,United States,Paramount Pictures | DreamWorks | Hasbro | di Bonaventura Pictures | Tencent Pictures | Allspark Pictures,English,Q34220038,P345 (IMDb ID),https://query.wikidata.org/sparql,2026-07-23,CC0 1.0
2018,20,Dying to Survive,451176639,https://www.boxofficemojo.com/releasegroup/gr3524612613/,https://www.boxofficemojo.com/year/world/2018/?sort=rank&sortDir=asc,tt7362036,http://www.wikidata.org/entity/Q55376631,Dying to Survive,film,comedy drama,People's Republic of China,"film production company | production company | Dying to Survive | Beijing, China",Standard Chinese,Q55376631,P345 (IMDb ID),https://query.wikidata.org/sparql,2026-07-23,CC0 1.0
2019,1,Avengers: Endgame,2799439100,https://www.boxofficemojo.com/releasegroup/gr3511898629/,https://www.boxofficemojo.com/year/world/2019/?sort=rank&sortDir=asc,tt4154796,http://www.wikidata.org/entity/Q23781155,Avengers: Endgame,film,action film | adventure film | superhero film | speculative fiction film,United States,Marvel Studios | Walt Disney Studios Motion Pictures,English,Q23781155,P345 (IMDb ID),https://query.wikidata.org/sparql,2026-07-23,CC0 1.0
2019,2,The Lion King,1656943394,https://www.boxofficemojo.com/releasegroup/gr403788293/,https://www.boxofficemojo.com/year/world/2019/?sort=rank&sortDir=asc,tt6105098,http://www.wikidata.org/entity/Q27044293,The Lion King,film | animated film,drama film | comedy film | adventure film | musical film | family film,United States,Walt Disney Pictures | Moving Picture Company | Fairview Entertainment,English,Q27044293,P345 (IMDb ID),https://query.wikidata.org/sparql,2026-07-23,CC0 1.0
2019,3,Frozen II,1450026933,https://www.boxofficemojo.com/releasegroup/gr1030181381/,https://www.boxofficemojo.com/year/world/2019/?sort=rank&sortDir=asc,tt4520988,http://www.wikidata.org/entity/Q24733929,Frozen 2,animated film,drama film | fantasy film | adventure film | musical film | family film,United States,Walt Disney Pictures | Q1047410,English,Q24733929,P345 (IMDb ID),https://query.wikidata.org/sparql,2026-07-23,CC0 1.0
2019,4,Spider-Man: Far from Home,1131927996,https://www.boxofficemojo.com/releasegroup/gr1825526277/,https://www.boxofficemojo.com/year/world/2019/?sort=rank&sortDir=asc,tt6320628,http://www.wikidata.org/entity/Q27985819,Spider-Man: Far From Home,film,action film | adventure film | science fiction film | superhero film | speculative fiction film,United States,Columbia Pictures | Marvel Studios | Sony Pictures,English,Q27985819,P345 (IMDb ID),https://query.wikidata.org/sparql,2026-07-23,CC0 1.0
2019,5,Captain Marvel,1128274794,https://www.boxofficemojo.com/releasegroup/gr3085718021/,https://www.boxofficemojo.com/year/world/2019/?sort=rank&sortDir=asc,tt4154664,http://www.wikidata.org/entity/Q23781129,Captain Marvel,film,action film | adventure film | science fiction film | superhero film,United States,Marvel Studios,English,Q23781129,P345 (IMDb ID),https://query.wikidata.org/sparql,2026-07-23,CC0 1.0
2019,6,Joker,1078751311,https://www.boxofficemojo.com/releasegroup/gr4123480581/,https://www.boxofficemojo.com/year/world/2019/?sort=rank&sortDir=asc,tt7286456,http://www.wikidata.org/entity/Q42759035,Joker,film,drama film | crime film | thriller film | psychological thriller film,United States,Warner Bros. Entertainment | Village Roadshow Pictures | DC Entertainment | DC Studios | Q65557474,English,Q42759035,P345 (IMDb ID),https://query.wikidata.org/sparql,2026-07-23,CC0 1.0
2019,7,Star Wars: Episode IX - The Rise of Skywalker,1074144248,https://www.boxofficemojo.com/releasegroup/gr2303480325/,https://www.boxofficemojo.com/year/world/2019/?sort=rank&sortDir=asc,tt2527338,http://www.wikidata.org/entity/Q20977110,Star Wars: Episode IX – The Rise of Skywalker,film,fantasy film | action film | adventure film | space opera,United States,Lucasfilm | Bad Robot Productions | Walt Disney Studios Motion Pictures,English,Q20977110,P345 (IMDb ID),https://query.wikidata.org/sparql,2026-07-23,CC0 1.0
2019,8,Toy Story 4,1073394593,https://www.boxofficemojo.com/releasegroup/gr2366394885/,https://www.boxofficemojo.com/year/world/2019/?sort=rank&sortDir=asc,tt1979376,http://www.wikidata.org/entity/Q18517638,Toy Story 4,animated film,fantasy film | comedy film | action film | adventure film | children's film,United States,Pixar,English | American English,Q18517638,P345 (IMDb ID),https://query.wikidata.org/sparql,2026-07-23,CC0 1.0
2019,9,Aladdin,1050693953,https://www.boxofficemojo.com/releasegroup/gr2669236741/,https://www.boxofficemojo.com/year/world/2019/?sort=rank&sortDir=asc,tt6139732,http://www.wikidata.org/entity/Q27188178,Aladdin,film,fantasy film | action film | adventure film | musical film | romance film | family film | speculative fiction film,United States,Walt Disney Pictures | Lin Pictures,English,Q27188178,P345 (IMDb ID),https://query.wikidata.org/sparql,2026-07-23,CC0 1.0
2019,10,Jumanji: The Next Level,801693929,https://www.boxofficemojo.com/releasegroup/gr2719109637/,https://www.boxofficemojo.com/year/world/2019/?sort=rank&sortDir=asc,tt7975244,http://www.wikidata.org/entity/Q60501923,Jumanji: The Next Level,film,comedy film | adventure film | action comedy film,United States,Columbia Pictures | Seven Bucks Productions,English,Q60501923,P345 (IMDb ID),https://query.wikidata.org/sparql,2026-07-23,CC0 1.0
2019,11,Fast & Furious Presents: Hobbs & Shaw,760732926,https://www.boxofficemojo.com/releasegroup/gr423973381/,https://www.boxofficemojo.com/year/world/2019/?sort=rank&sortDir=asc,tt6806448,http://www.wikidata.org/entity/Q56559254,Hobbs & Shaw,film,action film | thriller film,United States,Universal Pictures | Original Film | Seven Bucks Productions,English,Q56559254,P345 (IMDb ID),https://query.wikidata.org/sparql,2026-07-23,CC0 1.0
2019,12,Ne Zha,725920658,https://www.boxofficemojo.com/releasegroup/gr3953807877/,https://www.boxofficemojo.com/year/world/2019/?sort=rank&sortDir=asc,tt10627720,http://www.wikidata.org/entity/Q65972529,Ne Zha,animated film,fantasy film | action film,People's Republic of China,,Chinese,Q65972529,P345 (IMDb ID),https://query.wikidata.org/sparql,2026-07-23,CC0 1.0
2019,13,The Wandering Earth,699856699,https://www.boxofficemojo.com/releasegroup/gr2718781957/,https://www.boxofficemojo.com/year/world/2019/?sort=rank&sortDir=asc,tt7605074,http://www.wikidata.org/entity/Q57966215,The Wandering Earth,film,science fiction film | disaster film | post-apocalyptic film,People's Republic of China,China Film Group Corporation,English | Chinese,Q57966215,P345 (IMDb ID),https://query.wikidata.org/sparql,2026-07-23,CC0 1.0
2019,14,How to Train Your Dragon: The Hidden World,521799505,https://www.boxofficemojo.com/releasegroup/gr2553172485/,https://www.boxofficemojo.com/year/world/2019/?sort=rank&sortDir=asc,tt2386490,http://www.wikidata.org/entity/Q22970530,How to Train Your Dragon: The Hidden World,animated film,fantasy film | monster film | children's film | medieval film,United States,DreamWorks Animation,English,Q22970530,P345 (IMDb ID),https://query.wikidata.org/sparql,2026-07-23,CC0 1.0
2019,15,Maleficent: Mistress of Evil,491730089,https://www.boxofficemojo.com/releasegroup/gr2536985093/,https://www.boxofficemojo.com/year/world/2019/?sort=rank&sortDir=asc,tt4777008,http://www.wikidata.org/entity/Q54437950,Maleficent: Mistress of Evil,film,drama film | fantasy film | action film | adventure film | family film | melodrama | cinematic fairy tale,United States,Walt Disney Pictures | Roth Films,English,Q54437950,P345 (IMDb ID),https://query.wikidata.org/sparql,2026-07-23,CC0 1.0
2019,16,It: Chapter Two,473093228,https://www.boxofficemojo.com/releasegroup/gr3159511557/,https://www.boxofficemojo.com/year/world/2019/?sort=rank&sortDir=asc,tt7349950,http://www.wikidata.org/entity/Q42726338,It: Chapter Two,film,horror film | slasher film | LGBTQ-related film | supernatural horror film,United States,New Line Cinema | Warner Bros. Entertainment | Vertigo Entertainment,English,Q42726338,P345 (IMDb ID),https://query.wikidata.org/sparql,2026-07-23,CC0 1.0
2019,17,"My People, My Country",450064993,https://www.boxofficemojo.com/releasegroup/gr902124037/,https://www.boxofficemojo.com/year/world/2019/?sort=rank&sortDir=asc,tt10147382,http://www.wikidata.org/entity/Q65053995,"My People, My Country",film,drama film | anthology film,People's Republic of China,Polybona Films | Huayi Brothers | Beijing Enlight Pictures | Huaxia Film Distribution | Damai Entertainment | Tencent Pictures | Wanda Media | Tianjin Maoyan Weiying Culture Media | Emperor Film Production,Chinese,Q65053995,P345 (IMDb ID),https://query.wikidata.org/sparql,2026-07-23,CC0 1.0
2019,18,Pokémon: Detective Pikachu,433305346,https://www.boxofficemojo.com/releasegroup/gr3275444741/,https://www.boxofficemojo.com/year/world/2019/?sort=rank&sortDir=asc,tt5884052,http://www.wikidata.org/entity/Q47492499,Detective Pikachu,film,fantasy film | comedy film | action film | adventure film | science fiction film | crime film | teen film | urban fantasy | mystery film | family film | action comedy film | live-action/animated film | detective film,Japan | United States,Legendary Pictures | The Pokémon Company,English,Q47492499,P345 (IMDb ID),https://query.wikidata.org/sparql,2026-07-23,CC0 1.0
2019,19,The Secret Life of Pets 2,431164459,https://www.boxofficemojo.com/releasegroup/gr2298958341/,https://www.boxofficemojo.com/year/world/2019/?sort=rank&sortDir=asc,tt5113040,http://www.wikidata.org/entity/Q28561715,The Secret Life of Pets 2,film,comedy film,United States,Universal Pictures | Illumination,English,Q28561715,P345 (IMDb ID),https://query.wikidata.org/sparql,2026-07-23,CC0 1.0
2019,20,The Captain,417863545,https://www.boxofficemojo.com/releasegroup/gr107893253/,https://www.boxofficemojo.com/year/world/2019/?sort=rank&sortDir=asc,tt10218664,http://www.wikidata.org/entity/Q69082264,The Captain,film,drama film | disaster film | thriller film,People's Republic of China,Polybona Films | Wanda Media,Standard Chinese,Q69082264,P345 (IMDb ID),https://query.wikidata.org/sparql,2026-07-23,CC0 1.0
2020,1,Demon Slayer: Kimetsu no Yaiba - The Movie: Mugen Train,472162520,https://www.boxofficemojo.com/releasegroup/gr2409976325/,https://www.boxofficemojo.com/year/world/2020/?sort=rank&sortDir=asc,tt11032374,http://www.wikidata.org/entity/Q96376192,Demon Slayer: Kimetsu no Yaiba the Movie: Mugen Train,anime film,action film | dark fantasy | anime film,Japan,Ufotable,Japanese,Q96376192,P345 (IMDb ID),https://query.wikidata.org/sparql,2026-07-23,CC0 1.0
2020,2,The Eight Hundred,461421559,https://www.boxofficemojo.com/releasegroup/gr832590341/,https://www.boxofficemojo.com/year/world/2020/?sort=rank&sortDir=asc,tt7294150,http://www.wikidata.org/entity/Q64854696,The Eight Hundred,film,drama film | action film | war film | historical film,People's Republic of China,Huayi Brothers | Damai Entertainment | Tencent Pictures | Beijing Enlight Media,English | Japanese | Mandarin,Q64854696,P345 (IMDb ID),https://query.wikidata.org/sparql,2026-07-23,CC0 1.0
2020,3,Bad Boys for Life,426505244,https://www.boxofficemojo.com/releasegroup/gr3944174085/,https://www.boxofficemojo.com/year/world/2020/?sort=rank&sortDir=asc,tt1502397,http://www.wikidata.org/entity/Q29021224,Bad Boys for Life,film,comedy film | action film | crime film | buddy cop film,United States | Mexico,Columbia Pictures | Overbrook Entertainment | Q17305144,English,Q29021224,P345 (IMDb ID),https://query.wikidata.org/sparql,2026-07-23,CC0 1.0
2020,4,"My People, My Homeland",422390820,https://www.boxofficemojo.com/releasegroup/gr1571181061/,https://www.boxofficemojo.com/year/world/2020/?sort=rank&sortDir=asc,tt12363162,http://www.wikidata.org/entity/Q97300316,"My People, My Homeland",film,comedy film | anthology film,People's Republic of China,,Chinese,Q97300316,P345 (IMDb ID),https://query.wikidata.org/sparql,2026-07-23,CC0 1.0
2020,5,Tenet,365304105,https://www.boxofficemojo.com/releasegroup/gr418796037/,https://www.boxofficemojo.com/year/world/2020/?sort=rank&sortDir=asc,tt6723592,http://www.wikidata.org/entity/Q63985561,Tenet,film,action film | science fiction film | spy film | thriller film | time-travel film,United States | United Kingdom,Warner Bros. Entertainment | Syncopy Inc. | Q65557474,English,Q63985561,P345 (IMDb ID),https://query.wikidata.org/sparql,2026-07-23,CC0 1.0
2020,6,Sonic the Hedgehog,319715683,https://www.boxofficemojo.com/releasegroup/gr2707509765/,https://www.boxofficemojo.com/year/world/2020/?sort=rank&sortDir=asc,tt3794354,http://www.wikidata.org/entity/Q29906232,Sonic the Hedgehog,film,fantasy film | comedy film | action film | adventure film | science fiction film | family film,Japan | United States,Sega | Paramount Pictures | Original Film | Blur Studio | Marza Animation Planet | Story Kitchen,English | Japanese,Q29906232,P345 (IMDb ID),https://query.wikidata.org/sparql,2026-07-23,CC0 1.0
2020,7,Dolittle,251410631,https://www.boxofficemojo.com/releasegroup/gr888885765/,https://www.boxofficemojo.com/year/world/2020/?sort=rank&sortDir=asc,tt6673612,http://www.wikidata.org/entity/Q38689704,Dolittle,film,fantasy film | comedy film | adventure film | family film,United States,Universal Pictures | Team Downey,English,Q38689704,P345 (IMDb ID),https://query.wikidata.org/sparql,2026-07-23,CC0 1.0
2020,8,Jiang Ziya,240646355,https://www.boxofficemojo.com/releasegroup/gr3786166789/,https://www.boxofficemojo.com/year/world/2020/?sort=rank&sortDir=asc,tt11177804,http://www.wikidata.org/entity/Q76780267,Jiang Ziya,animated film,fantasy film | action film | animated film | adventure film,People's Republic of China,,Chinese,Q76780267,P345 (IMDb ID),https://query.wikidata.org/sparql,2026-07-23,CC0 1.0
2020,9,A Little Red Flower,216000000,https://www.boxofficemojo.com/releasegroup/gr2243580421/,https://www.boxofficemojo.com/year/world/2020/?sort=rank&sortDir=asc,tt12497408,http://www.wikidata.org/entity/Q104532857,A Little Red Flower,film,family drama film,People's Republic of China,China Film Group Corporation,Chinese,Q104532857,P345 (IMDb ID),https://query.wikidata.org/sparql,2026-07-23,CC0 1.0
2020,10,The Croods: A New Age,215905815,https://www.boxofficemojo.com/releasegroup/gr3240120837/,https://www.boxofficemojo.com/year/world/2020/?sort=rank&sortDir=asc,tt2850386,http://www.wikidata.org/entity/Q24832743,The Croods: A New Age,animated film,comedy film | adventure film,United States,DreamWorks Animation,English,Q24832743,P345 (IMDb ID),https://query.wikidata.org/sparql,2026-07-23,CC0 1.0
2020,11,Birds of Prey and the Fantabulous Emancipation of One Harley Quinn,205358461,https://www.boxofficemojo.com/releasegroup/gr1265914373/,https://www.boxofficemojo.com/year/world/2020/?sort=rank&sortDir=asc,tt7713068,http://www.wikidata.org/entity/Q57177410,Birds of Prey and the Fantabulous Emancipation of One Harley Quinn,film,action film | adventure film | crime film | superhero film | black comedy film,United States,DC Studios | LuckyChap Entertainment,English,Q57177410,P345 (IMDb ID),https://query.wikidata.org/sparql,2026-07-23,CC0 1.0
2020,12,Chak dan juen ga 2,198921659,https://www.boxofficemojo.com/releasegroup/gr2797228549/,https://www.boxofficemojo.com/year/world/2020/?sort=rank&sortDir=asc,tt9597838,http://www.wikidata.org/entity/Q62597210,Shock Wave 2,film,action thriller,Hong Kong,,Cantonese | Mandarin,Q62597210,P345 (IMDb ID),https://query.wikidata.org/sparql,2026-07-23,CC0 1.0
2020,13,Wonder Woman 1984,169601036,https://www.boxofficemojo.com/releasegroup/gr1373065733/,https://www.boxofficemojo.com/year/world/2020/?sort=rank&sortDir=asc,tt7126948,http://www.wikidata.org/entity/Q33408623,Wonder Woman 1984,film,drama film | fantasy film | action film | adventure film | war film | superhero film,United States,DC Entertainment | DC Studios,English,Q33408623,P345 (IMDb ID),https://query.wikidata.org/sparql,2026-07-23,CC0 1.0
2020,14,The Sacrifice,161047608,https://www.boxofficemojo.com/releasegroup/gr2107986437/,https://www.boxofficemojo.com/year/world/2020/?sort=rank&sortDir=asc,tt13000980,http://www.wikidata.org/entity/Q102967304,The Sacrifice,film,,People's Republic of China,,,Q102967304,P345 (IMDb ID),https://query.wikidata.org/sparql,2026-07-23,CC0 1.0
2020,15,The Invisible Man,144492724,https://www.boxofficemojo.com/releasegroup/gr3538178565/,https://www.boxofficemojo.com/year/world/2020/?sort=rank&sortDir=asc,tt1051906,http://www.wikidata.org/entity/Q64004122,The Invisible Man,film,drama film | horror film | science fiction film | thriller film,United States | Australia,Blumhouse Productions,English,Q64004122,P345 (IMDb ID),https://query.wikidata.org/sparql,2026-07-23,CC0 1.0
2020,16,Onward,141914643,https://www.boxofficemojo.com/releasegroup/gr883905029/,https://www.boxofficemojo.com/year/world/2020/?sort=rank&sortDir=asc,tt7146812,http://www.wikidata.org/entity/Q59690895,Onward,film | animated film,fantasy film,United States,Pixar | Walt Disney Pictures,English,Q59690895,P345 (IMDb ID),https://query.wikidata.org/sparql,2026-07-23,CC0 1.0
2020,17,Warm Hug,129240236,https://www.boxofficemojo.com/releasegroup/gr2595901957/,https://www.boxofficemojo.com/year/world/2020/?sort=rank&sortDir=asc,tt13529418,http://www.wikidata.org/entity/Q97193421,Warm Hug,film,romantic comedy film,People's Republic of China,,Standard Chinese,Q97193421,P345 (IMDb ID),https://query.wikidata.org/sparql,2026-07-23,CC0 1.0
2020,18,Soul,121903885,https://www.boxofficemojo.com/releasegroup/gr2955039237/,https://www.boxofficemojo.com/year/world/2020/?sort=rank&sortDir=asc,tt2948372,http://www.wikidata.org/entity/Q64744044,Soul,animated film,fantasy film | adventure film | comedy drama | ghost film,United States,Pixar | Walt Disney Pictures,English,Q64744044,P345 (IMDb ID),https://query.wikidata.org/sparql,2026-07-23,CC0 1.0
2020,19,The Call of the Wild,111166669,https://www.boxofficemojo.com/releasegroup/gr725766661/,https://www.boxofficemojo.com/year/world/2020/?sort=rank&sortDir=asc,tt7504726,http://www.wikidata.org/entity/Q57982258,The Call of the Wild,film,drama film | adventure film | family film,United States,20th Century Studios | 3 Arts Entertainment,French | English,Q57982258,P345 (IMDb ID),https://query.wikidata.org/sparql,2026-07-23,CC0 1.0
2020,20,Caught in Time,80543319,https://www.boxofficemojo.com/releasegroup/gr967070213/,https://www.boxofficemojo.com/year/world/2020/?sort=rank&sortDir=asc,tt9877138,http://www.wikidata.org/entity/Q105470889,Caught in Time,film,,Hong Kong,,,Q105470889,P345 (IMDb ID),https://query.wikidata.org/sparql,2026-07-23,CC0 1.0
2021,1,Spider-Man: No Way Home,1910982770,https://www.boxofficemojo.com/releasegroup/gr3957150213/,https://www.boxofficemojo.com/year/world/2021/?sort=rank&sortDir=asc,tt10872600,http://www.wikidata.org/entity/Q68934496,Spider-Man: No Way Home,film,action film | adventure film | science fiction film | superhero film | technofantasy,United States,Columbia Pictures | Marvel Studios | Pascal Pictures,English,Q68934496,P345 (IMDb ID),https://query.wikidata.org/sparql,2026-07-23,CC0 1.0
2021,2,The Battle at Lake Changjin,902548476,https://www.boxofficemojo.com/releasegroup/gr3283177989/,https://www.boxofficemojo.com/year/world/2021/?sort=rank&sortDir=asc,tt13462900,http://www.wikidata.org/entity/Q107273994,The Battle at Lake Changjin,film,war film | epic film | historical film | drama fiction,People's Republic of China,"China Film Group Corporation | Polybona Films | Shanghai Film Group | August First Film Studio | China Film Group Co.,Ltd. | Huaxia Film Distribution | Damai Entertainment",English | Mandarin,Q107273994,P345 (IMDb ID),https://query.wikidata.org/sparql,2026-07-23,CC0 1.0
2021,3,"Hi, Mom",822009764,https://www.boxofficemojo.com/releasegroup/gr565793285/,https://www.boxofficemojo.com/year/world/2021/?sort=rank&sortDir=asc,tt13364790,http://www.wikidata.org/entity/Q105221616,"Hi, Mom",film,fantasy film | comedy drama,People's Republic of China,New Classics Media | Tianjin Maoyan Weiying Culture Media,Chinese,Q105221616,P345 (IMDb ID),https://query.wikidata.org/sparql,2026-07-23,CC0 1.0
2021,4,No Time to Die,774153007,https://www.boxofficemojo.com/releasegroup/gr1812943365/,https://www.boxofficemojo.com/year/world/2021/?sort=rank&sortDir=asc,tt2382320,http://www.wikidata.org/entity/Q21534241,No Time to Die,film,action film | spy film | thriller film,United States | United Kingdom,Eon Productions,English,Q21534241,P345 (IMDb ID),https://query.wikidata.org/sparql,2026-07-23,CC0 1.0
2021,5,F9: The Fast Saga,726229501,https://www.boxofficemojo.com/releasegroup/gr1590448645/,https://www.boxofficemojo.com/year/world/2021/?sort=rank&sortDir=asc,tt5433138,http://www.wikidata.org/entity/Q29466808,F9,film,action film,United States,Universal Pictures | Original Film,English,Q29466808,P345 (IMDb ID),https://query.wikidata.org/sparql,2026-07-23,CC0 1.0
2021,6,Detective Chinatown 3,686257563,https://www.boxofficemojo.com/releasegroup/gr2745979397/,https://www.boxofficemojo.com/year/world/2021/?sort=rank&sortDir=asc,tt10370822,http://www.wikidata.org/entity/Q85877683,Detective Chinatown 3,film,comedy film | action film | adventure film,People's Republic of China,Wanda Media,English | Japanese | Standard Chinese,Q85877683,P345 (IMDb ID),https://query.wikidata.org/sparql,2026-07-23,CC0 1.0
2021,7,Venom: Let There Be Carnage,506813864,https://www.boxofficemojo.com/releasegroup/gr2560774661/,https://www.boxofficemojo.com/year/world/2021/?sort=rank&sortDir=asc,tt7097896,http://www.wikidata.org/entity/Q60498064,Venom: Let There Be Carnage,film,action film | superhero film,United States,Columbia Pictures | Marvel Entertainment | Tencent Pictures,English,Q60498064,P345 (IMDb ID),https://query.wikidata.org/sparql,2026-07-23,CC0 1.0
2021,8,Godzilla vs. Kong,470116094,https://www.boxofficemojo.com/releasegroup/gr3306770949/,https://www.boxofficemojo.com/year/world/2021/?sort=rank&sortDir=asc,tt5034838,http://www.wikidata.org/entity/Q56307503,Godzilla vs. Kong,film,action film | science fiction film | kaiju | thriller film,United States,Warner Bros. Entertainment | Legendary Pictures,English,Q56307503,P345 (IMDb ID),https://query.wikidata.org/sparql,2026-07-23,CC0 1.0
2021,9,Shang-Chi and the Legend of the Ten Rings,432243292,https://www.boxofficemojo.com/releasegroup/gr1414156805/,https://www.boxofficemojo.com/year/world/2021/?sort=rank&sortDir=asc,tt9376612,http://www.wikidata.org/entity/Q65768589,Shang-Chi and the Legend of the Ten Rings,film,martial arts film | superhero film,United States,Marvel Studios,English | Mandarin,Q65768589,P345 (IMDb ID),https://query.wikidata.org/sparql,2026-07-23,CC0 1.0
2021,10,Sing 2,408702234,https://www.boxofficemojo.com/releasegroup/gr3571732997/,https://www.boxofficemojo.com/year/world/2021/?sort=rank&sortDir=asc,tt6467266,http://www.wikidata.org/entity/Q30933418,Sing 2,animated film,comedy film | musical film | family film,United States,Illumination,English,Q30933418,P345 (IMDb ID),https://query.wikidata.org/sparql,2026-07-23,CC0 1.0
2021,11,Dune: Part One,402127830,https://www.boxofficemojo.com/releasegroup/gr3833549317/,https://www.boxofficemojo.com/year/world/2021/?sort=rank&sortDir=asc,tt1160419,http://www.wikidata.org/entity/Q60834962,Dune,film,action film | adventure film | science fiction film | speculative fiction film,Canada | Norway | Hungary | United States | Jordan | United Arab Emirates,Legendary Pictures,English,Q60834962,P345 (IMDb ID),https://query.wikidata.org/sparql,2026-07-23,CC0 1.0
2021,12,Eternals,402064899,https://www.boxofficemojo.com/releasegroup/gr1431196165/,https://www.boxofficemojo.com/year/world/2021/?sort=rank&sortDir=asc,tt9032400,http://www.wikidata.org/entity/Q23894629,Eternals,film,drama film | action film | adventure film | science fiction film | superhero film | speculative fiction film,United States,Marvel Studios | Walt Disney Studios Motion Pictures,English,Q23894629,P345 (IMDb ID),https://query.wikidata.org/sparql,2026-07-23,CC0 1.0
2021,13,Black Widow,379751655,https://www.boxofficemojo.com/releasegroup/gr321081861/,https://www.boxofficemojo.com/year/world/2021/?sort=rank&sortDir=asc,tt3480822,http://www.wikidata.org/entity/Q23894626,Black Widow,film,action film | adventure film | science fiction film | superhero film | thriller film,United States,Marvel Studios,English,Q23894626,P345 (IMDb ID),https://query.wikidata.org/sparql,2026-07-23,CC0 1.0
2021,14,Free Guy,331526598,https://www.boxofficemojo.com/releasegroup/gr642011653/,https://www.boxofficemojo.com/year/world/2021/?sort=rank&sortDir=asc,tt6264654,http://www.wikidata.org/entity/Q38685497,Free Guy,film,fantasy film | comedy film | action film | science fiction film,United States,20th Century Studios | 21 Laps Entertainment | TSG Entertainment | Berlanti Productions,English,Q38685497,P345 (IMDb ID),https://query.wikidata.org/sparql,2026-07-23,CC0 1.0
2021,15,A Quiet Place Part II,297372261,https://www.boxofficemojo.com/releasegroup/gr3159642629/,https://www.boxofficemojo.com/year/world/2021/?sort=rank&sortDir=asc,tt8332922,http://www.wikidata.org/entity/Q53911403,A Quiet Place: Part II,film,horror film | post-apocalyptic film,United States,Paramount Pictures | Platinum Dunes | Sunday Night Productions,English | American Sign Language,Q53911403,P345 (IMDb ID),https://query.wikidata.org/sparql,2026-07-23,CC0 1.0
2021,16,Encanto,256786742,https://www.boxofficemojo.com/releasegroup/gr2581352965/,https://www.boxofficemojo.com/year/world/2021/?sort=rank&sortDir=asc,tt2953050,http://www.wikidata.org/entity/Q103372692,Encanto,animated film,fantasy film | musical film,United States | Colombia,Walt Disney Pictures,English,Q103372692,P345 (IMDb ID),https://query.wikidata.org/sparql,2026-07-23,CC0 1.0
2021,17,Cruella,233503234,https://www.boxofficemojo.com/releasegroup/gr2221298181/,https://www.boxofficemojo.com/year/world/2021/?sort=rank&sortDir=asc,tt3228774,http://www.wikidata.org/entity/Q24284363,Cruella,film,comedy film | adventure film | crime film,United States | United Kingdom,Walt Disney Pictures,English,Q24284363,P345 (IMDb ID),https://query.wikidata.org/sparql,2026-07-23,CC0 1.0
2021,18,"My Country, My Parents",221831086,https://www.boxofficemojo.com/releasegroup/gr1488015877/,https://www.boxofficemojo.com/year/world/2021/?sort=rank&sortDir=asc,tt15465312,http://www.wikidata.org/entity/Q108800348,"My Country, My Parents",film,drama film | comedy film | anthology film | science fiction film,People's Republic of China,"China Film Group Co.,Ltd.",Chinese,Q108800348,P345 (IMDb ID),https://query.wikidata.org/sparql,2026-07-23,CC0 1.0
2021,19,Jungle Cruise,220889446,https://www.boxofficemojo.com/releasegroup/gr2841661957/,https://www.boxofficemojo.com/year/world/2021/?sort=rank&sortDir=asc,tt0870154,http://www.wikidata.org/entity/Q24285605,Jungle Cruise,film,fantasy film | comedy film | action film | adventure film,United States,Walt Disney Pictures | Davis Entertainment | Seven Bucks Productions,English,Q24285605,P345 (IMDb ID),https://query.wikidata.org/sparql,2026-07-23,CC0 1.0
2021,20,The Conjuring: The Devil Made Me Do It,206431050,https://www.boxofficemojo.com/releasegroup/gr3168489989/,https://www.boxofficemojo.com/year/world/2021/?sort=rank&sortDir=asc,tt7069210,http://www.wikidata.org/entity/Q64145552,The Conjuring: The Devil Made Me Do It,film,horror film | mystery film | thriller film | ghost film,United States,New Line Cinema | The Safran Company | Atomic Monster,English,Q64145552,P345 (IMDb ID),https://query.wikidata.org/sparql,2026-07-23,CC0 1.0
2022,1,Avatar: The Way of Water,2320631329,https://www.boxofficemojo.com/releasegroup/gr1943818757/,https://www.boxofficemojo.com/year/world/2022/?sort=rank&sortDir=asc,tt1630029,http://www.wikidata.org/entity/Q3604746,Avatar: The Way of Water,film,drama film | action film | adventure film | science fiction film | epic film | speculative fiction film,United States,20th Century Studios | Lightstorm Entertainment | TSG Entertainment,English | Na'vi,Q3604746,P345 (IMDb ID),https://query.wikidata.org/sparql,2026-07-23,CC0 1.0
2022,2,Top Gun: Maverick,1495696292,https://www.boxofficemojo.com/releasegroup/gr1928614405/,https://www.boxofficemojo.com/year/world/2022/?sort=rank&sortDir=asc,tt1745960,http://www.wikidata.org/entity/Q31202708,,film,drama film | action film | adventure film,United States,Paramount Pictures | Skydance Media | Q17305144 | Tencent Pictures | TC Productions | New Republic Pictures,English,Q31202708,P345 (IMDb ID),https://query.wikidata.org/sparql,2026-07-23,CC0 1.0
2022,3,Jurassic World: Dominion,1001978080,https://www.boxofficemojo.com/releasegroup/gr1700221445/,https://www.boxofficemojo.com/year/world/2022/?sort=rank&sortDir=asc,tt8041270,http://www.wikidata.org/entity/Q55178974,Jurassic World Dominion,film,fantasy film | action film | adventure film | science fiction film | biopunk | thriller film,United States,Amblin Entertainment,English,Q55178974,P345 (IMDb ID),https://query.wikidata.org/sparql,2026-07-23,CC0 1.0
2022,4,Doctor Strange in the Multiverse of Madness,955775804,https://www.boxofficemojo.com/releasegroup/gr535450117/,https://www.boxofficemojo.com/year/world/2022/?sort=rank&sortDir=asc,tt9419884,http://www.wikidata.org/entity/Q64211112,Doctor Strange in the Multiverse of Madness,film,fantasy film | action film | horror film | adventure film | science fiction film | superhero film,United States,Marvel Studios,English,Q64211112,P345 (IMDb ID),https://query.wikidata.org/sparql,2026-07-23,CC0 1.0
2022,5,Minions: The Rise of Gru,940482695,https://www.boxofficemojo.com/releasegroup/gr101863941/,https://www.boxofficemojo.com/year/world/2022/?sort=rank&sortDir=asc,tt5113044,http://www.wikidata.org/entity/Q60997779,Minions: The Rise of Gru,film | animated film,comedy film | action film | family film,United States,Universal Pictures | Illumination,English,Q60997779,P345 (IMDb ID),https://query.wikidata.org/sparql,2026-07-23,CC0 1.0
2022,6,Black Panther: Wakanda Forever,859208836,https://www.boxofficemojo.com/releasegroup/gr1340101125/,https://www.boxofficemojo.com/year/world/2022/?sort=rank&sortDir=asc,tt9114286,http://www.wikidata.org/entity/Q54860489,Black Panther: Wakanda Forever,film,action film,United States,Marvel Studios,Spanish | English | Mayan | Wakandan,Q54860489,P345 (IMDb ID),https://query.wikidata.org/sparql,2026-07-23,CC0 1.0
2022,7,The Batman,772245583,https://www.boxofficemojo.com/releasegroup/gr2204258821/,https://www.boxofficemojo.com/year/world/2022/?sort=rank&sortDir=asc,tt1877830,http://www.wikidata.org/entity/Q61117344,The Batman,film,drama film | action film | crime film | superhero film | thriller film | detective film,United States,Warner Bros. Pictures | DC Studios,English,Q61117344,P345 (IMDb ID),https://query.wikidata.org/sparql,2026-07-23,CC0 1.0
2022,8,Thor: Love and Thunder,760928081,https://www.boxofficemojo.com/releasegroup/gr4235022853/,https://www.boxofficemojo.com/year/world/2022/?sort=rank&sortDir=asc,tt10648342,http://www.wikidata.org/entity/Q65768604,Thor: Love and Thunder,film,action film | adventure film | science fiction film | superhero film,United States,,English,Q65768604,P345 (IMDb ID),https://query.wikidata.org/sparql,2026-07-23,CC0 1.0
2022,9,Water Gate Bridge,626571697,https://www.boxofficemojo.com/releasegroup/gr1505055237/,https://www.boxofficemojo.com/year/world/2022/?sort=rank&sortDir=asc,tt16194408,http://www.wikidata.org/entity/Q110795632,The Battle at Lake Changjin II,film,war film | epic film | action fiction,People's Republic of China,Shanghai Film Group | August First Film Studio | Huaxia Film Distribution | Damai Entertainment,English | Mandarin | Standard Chinese,Q110795632,P345 (IMDb ID),https://query.wikidata.org/sparql,2026-07-23,CC0 1.0
2022,10,Puss in Boots: The Last Wish,480466413,https://www.boxofficemojo.com/releasegroup/gr3300413957/,https://www.boxofficemojo.com/year/world/2022/?sort=rank&sortDir=asc,tt3915174,http://www.wikidata.org/entity/Q31271384,Puss in Boots: The Last Wish,animated film,fantasy film | comedy film | action film | adventure film | musical film | family film | cinematic fairy tale | thriller film,United States,Universal Pictures | DreamWorks Animation,English,Q31271384,P345 (IMDb ID),https://query.wikidata.org/sparql,2026-07-23,CC0 1.0
2022,11,Moon Man,460237662,https://www.boxofficemojo.com/releasegroup/gr915165701/,https://www.boxofficemojo.com/year/world/2022/?sort=rank&sortDir=asc,tt14557302,http://www.wikidata.org/entity/Q113353851,Moon Man,film,comedy film | science fiction film,People's Republic of China,,,Q113353851,P345 (IMDb ID),https://query.wikidata.org/sparql,2026-07-23,CC0 1.0
2022,12,Fantastic Beasts: The Secrets of Dumbledore,407150844,https://www.boxofficemojo.com/releasegroup/gr1221480965/,https://www.boxofficemojo.com/year/world/2022/?sort=rank&sortDir=asc,tt4123432,http://www.wikidata.org/entity/Q18199332,Fantastic Beasts: The Secrets of Dumbledore,film,drama film | fantasy film | adventure film | family film,United States | United Kingdom,Warner Bros. Entertainment | Heyday Films,English,Q18199332,P345 (IMDb ID),https://query.wikidata.org/sparql,2026-07-23,CC0 1.0
2022,13,Uncharted,407141258,https://www.boxofficemojo.com/releasegroup/gr3224261125/,https://www.boxofficemojo.com/year/world/2022/?sort=rank&sortDir=asc,tt1464335,http://www.wikidata.org/entity/Q67171881,Uncharted,film,action film | adventure film,United States,,English,Q67171881,P345 (IMDb ID),https://query.wikidata.org/sparql,2026-07-23,CC0 1.0
2022,14,Sonic the Hedgehog 2,405421518,https://www.boxofficemojo.com/releasegroup/gr614552069/,https://www.boxofficemojo.com/year/world/2022/?sort=rank&sortDir=asc,tt12412888,http://www.wikidata.org/entity/Q105970894,Sonic the Hedgehog 2,film,comedy film | action film | adventure film | science fiction film | live-action/animated film,United States,Paramount Pictures | Original Film | Blur Studio | Marza Animation Planet,English,Q105970894,P345 (IMDb ID),https://query.wikidata.org/sparql,2026-07-23,CC0 1.0
2022,15,Black Adam,393452111,https://www.boxofficemojo.com/releasegroup/gr800018949/,https://www.boxofficemojo.com/year/world/2022/?sort=rank&sortDir=asc,tt6443346,http://www.wikidata.org/entity/Q28657013,Black Adam,film,fantasy film | action film | adventure film | science fiction film | superhero film | speculative fiction film,United States,New Line Cinema | Warner Bros. Entertainment | DC Entertainment | DC Studios | Seven Bucks Productions,English,Q28657013,P345 (IMDb ID),https://query.wikidata.org/sparql,2026-07-23,CC0 1.0
2022,16,Elvis,287740048,https://www.boxofficemojo.com/releasegroup/gr4112339461/,https://www.boxofficemojo.com/year/world/2022/?sort=rank&sortDir=asc,tt3704428,http://www.wikidata.org/entity/Q84362533,Elvis,film,drama film | biographical film | musical film | gambling film,United States | Australia,Q65557474,English,Q84362533,P345 (IMDb ID),https://query.wikidata.org/sparql,2026-07-23,CC0 1.0
2022,17,The Bad Guys,250387888,https://www.boxofficemojo.com/releasegroup/gr636375557/,https://www.boxofficemojo.com/year/world/2022/?sort=rank&sortDir=asc,tt8115900,http://www.wikidata.org/entity/Q97288428,The Bad Guys,animated film,comedy film | adventure film | crime film | family film,United States,DreamWorks Animation,English,Q97288428,P345 (IMDb ID),https://query.wikidata.org/sparql,2026-07-23,CC0 1.0
2022,18,The First Slam Dunk,246868956,https://www.boxofficemojo.com/releasegroup/gr512184837/,https://www.boxofficemojo.com/year/world/2022/?sort=rank&sortDir=asc,tt15242330,http://www.wikidata.org/entity/Q112897629,The First Slam Dunk,animated film,sport film,Japan,Toei Animation | DandeLion Animation Studio,Japanese,Q112897629,P345 (IMDb ID),https://query.wikidata.org/sparql,2026-07-23,CC0 1.0
2022,19,Bullet Train,239268602,https://www.boxofficemojo.com/releasegroup/gr2109559301/,https://www.boxofficemojo.com/year/world/2022/?sort=rank&sortDir=asc,tt12593682,http://www.wikidata.org/entity/Q99900595,Bullet Train,film,action film | thriller film | action comedy film,Japan | United States,Sony Pictures | 87North Productions,English,Q99900595,P345 (IMDb ID),https://query.wikidata.org/sparql,2026-07-23,CC0 1.0
2022,20,Lightyear,226425420,https://www.boxofficemojo.com/releasegroup/gr800805381/,https://www.boxofficemojo.com/year/world/2022/?sort=rank&sortDir=asc,tt10298810,http://www.wikidata.org/entity/Q104409060,Lightyear,animated film,comedy film | adventure film | science fiction film | family film | superhero fiction | animated film with LGBT character(s),United States,The Walt Disney Company | Pixar | Walt Disney Pictures,English,Q104409060,P345 (IMDb ID),https://query.wikidata.org/sparql,2026-07-23,CC0 1.0
2023,1,Barbie,1447138421,https://www.boxofficemojo.com/releasegroup/gr629756421/,https://www.boxofficemojo.com/year/world/2023/?sort=rank&sortDir=asc,tt1517268,http://www.wikidata.org/entity/Q55436290,Barbie,film | live action,fantasy film | comedy film | adventure film | musical film | romance film | teen film | family film | musical comedy | chick flick | fantasy comedy film | romantic comedy film | satirical film,United States | United Kingdom,Heyday Films | LuckyChap Entertainment | Mattel Films,English,Q55436290,P345 (IMDb ID),https://query.wikidata.org/sparql,2026-07-23,CC0 1.0
2023,2,The Super Mario Bros. Movie,1360783214,https://www.boxofficemojo.com/releasegroup/gr2226213381/,https://www.boxofficemojo.com/year/world/2023/?sort=rank&sortDir=asc,tt6718170,http://www.wikidata.org/entity/Q108671102,The Super Mario Bros. Movie,animated film,fantasy film | comedy film | adventure film,United States,Nintendo | Illumination,English,Q108671102,P345 (IMDb ID),https://query.wikidata.org/sparql,2026-07-23,CC0 1.0
2023,3,Oppenheimer,975811333,https://www.boxofficemojo.com/releasegroup/gr531714565/,https://www.boxofficemojo.com/year/world/2023/?sort=rank&sortDir=asc,tt15398776,http://www.wikidata.org/entity/Q108839994,Oppenheimer,film,drama film | biographical film | epic film | thriller film | historical film,United States | United Kingdom,Universal Pictures | Syncopy Inc. | Atlas Entertainment,English,Q108839994,P345 (IMDb ID),https://query.wikidata.org/sparql,2026-07-23,CC0 1.0
2023,4,Guardians of the Galaxy Vol. 3,845555777,https://www.boxofficemojo.com/releasegroup/gr1455378949/,https://www.boxofficemojo.com/year/world/2023/?sort=rank&sortDir=asc,tt6791350,http://www.wikidata.org/entity/Q29226331,Guardians of the Galaxy Vol. 3,film,comedy film | action film | adventure film | space opera | science fiction film | superhero film | speculative fiction film,United States,Marvel Studios | Walt Disney Studios Motion Pictures,English,Q29226331,P345 (IMDb ID),https://query.wikidata.org/sparql,2026-07-23,CC0 1.0
2023,5,Fast X,704875015,https://www.boxofficemojo.com/releasegroup/gr1410486789/,https://www.boxofficemojo.com/year/world/2023/?sort=rank&sortDir=asc,tt5433140,http://www.wikidata.org/entity/Q31271369,Fast X,film,action film,United States,,English,Q31271369,P345 (IMDb ID),https://query.wikidata.org/sparql,2026-07-23,CC0 1.0
2023,6,Spider-Man: Across the Spider-Verse,690542303,https://www.boxofficemojo.com/releasegroup/gr3501150725/,https://www.boxofficemojo.com/year/world/2023/?sort=rank&sortDir=asc,tt9362722,http://www.wikidata.org/entity/Q76448600,Spider-Man: Across the Spider-Verse,animated film,comedy film | action film | superhero film | action comedy film | drama fiction,United States,Columbia Pictures | Marvel Entertainment | Sony Pictures Animation,English,Q76448600,P345 (IMDb ID),https://query.wikidata.org/sparql,2026-07-23,CC0 1.0
2023,7,Full River Red,670491959,https://www.boxofficemojo.com/releasegroup/gr2694533637/,https://www.boxofficemojo.com/year/world/2023/?sort=rank&sortDir=asc,tt21148018,http://www.wikidata.org/entity/Q115921533,Full River Red,film,drama film | historical film,People's Republic of China,,Mandarin,Q115921533,P345 (IMDb ID),https://query.wikidata.org/sparql,2026-07-23,CC0 1.0
2023,8,Wonka,634502312,https://www.boxofficemojo.com/releasegroup/gr851071493/,https://www.boxofficemojo.com/year/world/2023/?sort=rank&sortDir=asc,tt6166392,http://www.wikidata.org/entity/Q108456719,Wonka,film,fantasy film | comedy film | adventure film | musical film | speculative fiction film,Canada | United States | United Kingdom,Warner Bros. Entertainment | Heyday Films,English,Q108456719,P345 (IMDb ID),https://query.wikidata.org/sparql,2026-07-23,CC0 1.0
2023,9,The Wandering Earth II,615023132,https://www.boxofficemojo.com/releasegroup/gr25580037/,https://www.boxofficemojo.com/year/world/2023/?sort=rank&sortDir=asc,tt13539646,http://www.wikidata.org/entity/Q108659445,The Wandering Earth 2,film,science fiction film | action-adventure film,People's Republic of China,China Film Group Corporation,Mandarin,Q108659445,P345 (IMDb ID),https://query.wikidata.org/sparql,2026-07-23,CC0 1.0
2023,10,Mission: Impossible - Dead Reckoning Part One,571125435,https://www.boxofficemojo.com/releasegroup/gr2916700677/,https://www.boxofficemojo.com/year/world/2023/?sort=rank&sortDir=asc,tt9603212,http://www.wikidata.org/entity/Q61876370,Mission: Impossible – Dead Reckoning Part One,film,action film | spy film,United States,Paramount Pictures | Skydance Media,English,Q61876370,P345 (IMDb ID),https://query.wikidata.org/sparql,2026-07-23,CC0 1.0
2023,11,The Little Mermaid,569626289,https://www.boxofficemojo.com/releasegroup/gr951210501/,https://www.boxofficemojo.com/year/world/2023/?sort=rank&sortDir=asc,tt5971474,http://www.wikidata.org/entity/Q24357415,The Little Mermaid,film,fantasy film | adventure film | musical film | romance film | family film | cinematic fairy tale,United States,Walt Disney Pictures | Marc Platt Productions | Lucamar Productions | 5000 Broadway Productions,English,Q24357415,P345 (IMDb ID),https://query.wikidata.org/sparql,2026-07-23,CC0 1.0
2023,12,No More Bets,532600264,https://www.boxofficemojo.com/releasegroup/gr3332133381/,https://www.boxofficemojo.com/year/world/2023/?sort=rank&sortDir=asc,tt28076784,http://www.wikidata.org/entity/Q121438250,No More Bets,film,drama film | crime film,People's Republic of China,,English | Thai | Sichuanese | Yue Chinese | Putonghua,Q121438250,P345 (IMDb ID),https://query.wikidata.org/sparql,2026-07-23,CC0 1.0
2023,13,Elemental,496444308,https://www.boxofficemojo.com/releasegroup/gr1501975045/,https://www.boxofficemojo.com/year/world/2023/?sort=rank&sortDir=asc,tt15789038,http://www.wikidata.org/entity/Q112801489,Elemental,animated film,fantasy film | comedy film | adventure film | science fiction film | romance film | family film,United States,Pixar | Walt Disney Pictures,English,Q112801489,P345 (IMDb ID),https://query.wikidata.org/sparql,2026-07-23,CC0 1.0
2023,14,Lost in the Stars,487637474,https://www.boxofficemojo.com/releasegroup/gr1771983365/,https://www.boxofficemojo.com/year/world/2023/?sort=rank&sortDir=asc,tt17507018,http://www.wikidata.org/entity/Q119861439,Lost in the Stars,film,,People's Republic of China,,Putonghua,Q119861439,P345 (IMDb ID),https://query.wikidata.org/sparql,2026-07-23,CC0 1.0
2023,15,Ant-Man and the Wasp: Quantumania,476071180,https://www.boxofficemojo.com/releasegroup/gr1371492869/,https://www.boxofficemojo.com/year/world/2023/?sort=rank&sortDir=asc,tt10954600,http://www.wikidata.org/entity/Q105359456,Ant-Man and the Wasp: Quantumania,film,fantasy film | comedy film | action film | adventure film | science fiction film | thriller film,United States,Marvel Studios,English,Q105359456,P345 (IMDb ID),https://query.wikidata.org/sparql,2026-07-23,CC0 1.0
2023,16,John Wick: Chapter 4,447142521,https://www.boxofficemojo.com/releasegroup/gr1684427269/,https://www.boxofficemojo.com/year/world/2023/?sort=rank&sortDir=asc,tt10366206,http://www.wikidata.org/entity/Q80322358,John Wick: Chapter 4,film,action film | adventure film | crime film | neo-noir | action thriller,United States,Summit Entertainment | Thunder Road Pictures | 87North Productions,English,Q80322358,P345 (IMDb ID),https://query.wikidata.org/sparql,2026-07-23,CC0 1.0
2023,17,Transformers: Rise of the Beasts,441656550,https://www.boxofficemojo.com/releasegroup/gr2443334149/,https://www.boxofficemojo.com/year/world/2023/?sort=rank&sortDir=asc,tt5090568,http://www.wikidata.org/entity/Q107174193,Transformers: Rise of the Beasts,film,action film | adventure film | science fiction film,United States | Peru,Paramount Pictures | DreamWorks | Hasbro | Skydance Media | di Bonaventura Pictures | New Republic Pictures | http://www.wikidata.org/.well-known/genid/d8ae9a6e4711aa16184526de428855e2,English,Q107174193,P345 (IMDb ID),https://query.wikidata.org/sparql,2026-07-23,CC0 1.0
2023,18,Aquaman and the Lost Kingdom,440181226,https://www.boxofficemojo.com/releasegroup/gr1898140165/,https://www.boxofficemojo.com/year/world/2023/?sort=rank&sortDir=asc,tt9663764,http://www.wikidata.org/entity/Q91226161,Aquaman and the Lost Kingdom,film,fantasy film | action film | adventure film | science fiction film | superhero film | speculative fiction film,United States,Warner Bros. Pictures | The Safran Company | Atomic Monster | DC Studios,English,Q91226161,P345 (IMDb ID),https://query.wikidata.org/sparql,2026-07-23,CC0 1.0
2023,19,Meg 2: The Trench,398500317,https://www.boxofficemojo.com/releasegroup/gr864768517/,https://www.boxofficemojo.com/year/world/2023/?sort=rank&sortDir=asc,tt9224104,http://www.wikidata.org/entity/Q110842446,Meg 2: The Trench,film,action film | horror film | adventure film | science fiction film | kaiju | thriller film,United States | People's Republic of China,"Warner Bros. Studios, Leavesden | China Media Capital | Flagship Entertainment",English | Mandarin,Q110842446,P345 (IMDb ID),https://query.wikidata.org/sparql,2026-07-23,CC0 1.0
2023,20,Indiana Jones and the Dial of Destiny,383963057,https://www.boxofficemojo.com/releasegroup/gr152719877/,https://www.boxofficemojo.com/year/world/2023/?sort=rank&sortDir=asc,tt1462764,http://www.wikidata.org/entity/Q24278982,Indiana Jones and the Dial of Destiny,film,action film | adventure film,United States,Paramount Pictures | Lucasfilm,English,Q24278982,P345 (IMDb ID),https://query.wikidata.org/sparql,2026-07-23,CC0 1.0
2024,1,Inside Out 2,1698863816,https://www.boxofficemojo.com/releasegroup/gr2474856965/,https://www.boxofficemojo.com/year/world/2024/?sort=rank&sortDir=asc,tt22022452,http://www.wikidata.org/entity/Q113877606,Inside Out 2,animated film,comedy drama | coming-of-age film,United States,Pixar | Walt Disney Pictures,English,Q113877606,P345 (IMDb ID),https://query.wikidata.org/sparql,2026-07-23,CC0 1.0
2024,2,Deadpool & Wolverine,1338073645,https://www.boxofficemojo.com/releasegroup/gr1015239173/,https://www.boxofficemojo.com/year/world/2024/?sort=rank&sortDir=asc,tt6263850,http://www.wikidata.org/entity/Q102180106,Deadpool & Wolverine,film,action film | science fiction film | splatter film | superhero film | black comedy film,United States,Marvel Studios | 21 Laps Entertainment | Maximum Effort,English,Q102180106,P345 (IMDb ID),https://query.wikidata.org/sparql,2026-07-23,CC0 1.0
2024,3,Moana 2,1059242164,https://www.boxofficemojo.com/releasegroup/gr3446166277/,https://www.boxofficemojo.com/year/world/2024/?sort=rank&sortDir=asc,tt13622970,http://www.wikidata.org/entity/Q124457266,Moana 2,animated film,fantasy film | adventure film | musical film | family film,United States,Walt Disney Pictures | Q1047410,English,Q124457266,P345 (IMDb ID),https://query.wikidata.org/sparql,2026-07-23,CC0 1.0
2024,4,Despicable Me 4,972021410,https://www.boxofficemojo.com/releasegroup/gr1052004869/,https://www.boxofficemojo.com/year/world/2024/?sort=rank&sortDir=asc,tt7510222,http://www.wikidata.org/entity/Q113373276,Despicable Me 4,animated film,comedy film | animated film,United States,Universal Pictures | Illumination,English,Q113373276,P345 (IMDb ID),https://query.wikidata.org/sparql,2026-07-23,CC0 1.0
2024,5,Wicked,763963597,https://www.boxofficemojo.com/releasegroup/gr2907984389/,https://www.boxofficemojo.com/year/world/2024/?sort=rank&sortDir=asc,tt1262426,http://www.wikidata.org/entity/Q24797403,Wicked,film,fantasy film | musical film | cinematic fairy tale,United States,Marc Platt Productions,English,Q24797403,P345 (IMDb ID),https://query.wikidata.org/sparql,2026-07-23,CC0 1.0
2024,6,Mufasa: The Lion King,722631756,https://www.boxofficemojo.com/releasegroup/gr816992773/,https://www.boxofficemojo.com/year/world/2024/?sort=rank&sortDir=asc,tt13186482,http://www.wikidata.org/entity/Q114242678,Mufasa: The Lion King,animated film,drama film | adventure film | musical film | family film,United States,Walt Disney Pictures,English,Q114242678,P345 (IMDb ID),https://query.wikidata.org/sparql,2026-07-23,CC0 1.0
2024,7,Dune: Part Two,714844358,https://www.boxofficemojo.com/releasegroup/gr2058375685/,https://www.boxofficemojo.com/year/world/2024/?sort=rank&sortDir=asc,tt15239678,http://www.wikidata.org/entity/Q109228991,Dune: Part Two,film,action film | adventure film | science fiction film | epic film | speculative fiction film,Canada | Hungary | United States | Italy | New Zealand | Jordan | United Arab Emirates | The Gambia,Legendary Pictures,English,Q109228991,P345 (IMDb ID),https://query.wikidata.org/sparql,2026-07-23,CC0 1.0
2024,8,Godzilla X Kong: The New Empire,572050016,https://www.boxofficemojo.com/releasegroup/gr2995671557/,https://www.boxofficemojo.com/year/world/2024/?sort=rank&sortDir=asc,tt14539740,http://www.wikidata.org/entity/Q113360912,Godzilla x Kong: The New Empire,film,action film | adventure film | science fiction film | monster film | thriller film | speculative fiction film,United States | Australia,Legendary Pictures,English,Q113360912,P345 (IMDb ID),https://query.wikidata.org/sparql,2026-07-23,CC0 1.0
2024,9,Kung Fu Panda 4,547946428,https://www.boxofficemojo.com/releasegroup/gr361583109/,https://www.boxofficemojo.com/year/world/2024/?sort=rank&sortDir=asc,tt21692408,http://www.wikidata.org/entity/Q114707487,Kung Fu Panda 4,animated film,comedy film | animated film | martial arts film,United States,DreamWorks Animation,English,Q114707487,P345 (IMDb ID),https://query.wikidata.org/sparql,2026-07-23,CC0 1.0
2024,10,Sonic the Hedgehog 3,492162604,https://www.boxofficemojo.com/releasegroup/gr596464133/,https://www.boxofficemojo.com/year/world/2024/?sort=rank&sortDir=asc,tt18259086,http://www.wikidata.org/entity/Q115859490,Sonic the Hedgehog 3,film,comedy film | action film | animated film | adventure film | science fiction film | family film | live-action/animated film,Japan | United States,Paramount Pictures | Original Film | Blur Studio | Sega Sammy Holdings | Marza Animation Planet,English,Q115859490,P345 (IMDb ID),https://query.wikidata.org/sparql,2026-07-23,CC0 1.0
2024,11,Venom: The Last Dance,478937618,https://www.boxofficemojo.com/releasegroup/gr1622168069/,https://www.boxofficemojo.com/year/world/2024/?sort=rank&sortDir=asc,tt16366836,http://www.wikidata.org/entity/Q113371337,Venom: The Last Dance,film,action film | science fiction film | superhero film | thriller film,United States,Columbia Pictures,English,Q113371337,P345 (IMDb ID),https://query.wikidata.org/sparql,2026-07-23,CC0 1.0
2024,12,Gladiator II,462180717,https://www.boxofficemojo.com/releasegroup/gr293949957/,https://www.boxofficemojo.com/year/world/2024/?sort=rank&sortDir=asc,tt9218128,http://www.wikidata.org/entity/Q115789958,Gladiator II,film,drama film | action film | adventure film | epic film | sword-and-sandal film | historical film,United States | United Kingdom,Paramount Pictures | Universal Pictures | DreamWorks | Scott Free Productions | Red Wagon Entertainment,English,Q115789958,P345 (IMDb ID),https://query.wikidata.org/sparql,2026-07-23,CC0 1.0
2024,13,Beetlejuice Beetlejuice,452000435,https://www.boxofficemojo.com/releasegroup/gr3784856069/,https://www.boxofficemojo.com/year/world/2024/?sort=rank&sortDir=asc,tt2049403,http://www.wikidata.org/entity/Q112865900,Beetlejuice Beetlejuice,film,black comedy | drama film | fantasy film | comedy film | comedy horror,United States,Plan B Entertainment | Tim Burton Productions,English,Q112865900,P345 (IMDb ID),https://query.wikidata.org/sparql,2026-07-23,CC0 1.0
2024,14,Yolo,433606094,https://www.boxofficemojo.com/releasegroup/gr1905545733/,https://www.boxofficemojo.com/year/world/2024/?sort=rank&sortDir=asc,tt28151876,http://www.wikidata.org/entity/Q124487214,YOLO,film,comedy drama,People's Republic of China,,Putonghua,Q124487214,P345 (IMDb ID),https://query.wikidata.org/sparql,2026-07-23,CC0 1.0
2024,15,Pegasus 2,422878491,https://www.boxofficemojo.com/releasegroup/gr2677363205/,https://www.boxofficemojo.com/year/world/2024/?sort=rank&sortDir=asc,tt30829309,http://www.wikidata.org/entity/Q124326642,Pegasus 2,film,drama film | comedy film | sport film,People's Republic of China,,Putonghua,Q124326642,P345 (IMDb ID),https://query.wikidata.org/sparql,2026-07-23,CC0 1.0
2024,16,Successor,422307398,https://www.boxofficemojo.com/releasegroup/gr2657112837/,https://www.boxofficemojo.com/year/world/2024/?sort=rank&sortDir=asc,tt32613601,http://www.wikidata.org/entity/Q126942991,Successor,film,drama film | comedy film,People's Republic of China,,,Q126942991,P345 (IMDb ID),https://query.wikidata.org/sparql,2026-07-23,CC0 1.0
2024,17,Bad Boys: Ride or Die,404550184,https://www.boxofficemojo.com/releasegroup/gr127816197/,https://www.boxofficemojo.com/year/world/2024/?sort=rank&sortDir=asc,tt4919268,http://www.wikidata.org/entity/Q31271357,Bad Boys: Ride or Die,film,action film | action comedy film | buddy cop film,United States,Columbia Pictures | Sony Pictures | Q17305144,English,Q31271357,P345 (IMDb ID),https://query.wikidata.org/sparql,2026-07-23,CC0 1.0
2024,18,Kingdom of the Planet of the Apes,397378150,https://www.boxofficemojo.com/releasegroup/gr850547205/,https://www.boxofficemojo.com/year/world/2024/?sort=rank&sortDir=asc,tt11389872,http://www.wikidata.org/entity/Q114314695,Kingdom of the Planet of the Apes,film,adventure film | science fiction action film,United States,20th Century Studios | Chernin Entertainment,English,Q114314695,P345 (IMDb ID),https://query.wikidata.org/sparql,2026-07-23,CC0 1.0
2024,19,Twisters,372262265,https://www.boxofficemojo.com/releasegroup/gr3179696645/,https://www.boxofficemojo.com/year/world/2024/?sort=rank&sortDir=asc,tt12584954,http://www.wikidata.org/entity/Q115932556,Twisters,film,disaster film,United States,Warner Bros. Entertainment | Universal Pictures | DreamWorks | Amblin Entertainment | The Kennedy/Marshall Company,English,Q115932556,P345 (IMDb ID),https://query.wikidata.org/sparql,2026-07-23,CC0 1.0
2024,20,It Ends with Us,351441044,https://www.boxofficemojo.com/releasegroup/gr2879279621/,https://www.boxofficemojo.com/year/world/2024/?sort=rank&sortDir=asc,tt10655524,http://www.wikidata.org/entity/Q118641054,It Ends With Us,film,romance film,United States,,English,Q118641054,P345 (IMDb ID),https://query.wikidata.org/sparql,2026-07-23,CC0 1.0
2025,1,Ne Zha 2,2267446370,https://www.boxofficemojo.com/releasegroup/gr2405716741/,https://www.boxofficemojo.com/year/world/2025/?sort=rank&sortDir=asc,tt34956443,http://www.wikidata.org/entity/Q131937861,Ne Zha 2,animated film,drama film | fantasy film | action film | adventure film,People's Republic of China,Beijing Enlight Pictures | Beijing Enlight Media,Putonghua,Q131937861,P345 (IMDb ID),https://query.wikidata.org/sparql,2026-07-23,CC0 1.0
2025,2,Zootopia 2,1866647950,https://www.boxofficemojo.com/releasegroup/gr2845135365/,https://www.boxofficemojo.com/year/world/2025/?sort=rank&sortDir=asc,tt26443597,http://www.wikidata.org/entity/Q116764712,Zootopia 2,animated film,comedy film | adventure film | family film | buddy cop film,United States,Walt Disney Pictures | Q1047410,English,Q116764712,P345 (IMDb ID),https://query.wikidata.org/sparql,2026-07-23,CC0 1.0
2025,3,Avatar: Fire and Ash,1485999890,https://www.boxofficemojo.com/releasegroup/gr2771014149/,https://www.boxofficemojo.com/year/world/2025/?sort=rank&sortDir=asc,tt1757678,http://www.wikidata.org/entity/Q29580929,Avatar: Fire and Ash,film,action film | science fiction film,United States,20th Century Studios | Lightstorm Entertainment,English | Na'vi,Q29580929,P345 (IMDb ID),https://query.wikidata.org/sparql,2026-07-23,CC0 1.0
2025,4,Lilo & Stitch,1038027526,https://www.boxofficemojo.com/releasegroup/gr1868714757/,https://www.boxofficemojo.com/year/world/2025/?sort=rank&sortDir=asc,tt11655566,http://www.wikidata.org/entity/Q59395971,Lilo & Stitch,film,fantasy film | comedy film | science fiction film | comedy drama,United States,Walt Disney Pictures | Rideback,English | Hawaiian,Q59395971,P345 (IMDb ID),https://query.wikidata.org/sparql,2026-07-23,CC0 1.0
2025,5,A Minecraft Movie,960387780,https://www.boxofficemojo.com/releasegroup/gr1926910469/,https://www.boxofficemojo.com/year/world/2025/?sort=rank&sortDir=asc,tt3566834,http://www.wikidata.org/entity/Q40083273,A Minecraft Movie,film,fantasy film | comedy film | action film | adventure film | family film,United States | Sweden,Legendary Pictures | Mojang Studios | Vertigo Entertainment,English,Q40083273,P345 (IMDb ID),https://query.wikidata.org/sparql,2026-07-23,CC0 1.0
2025,6,Jurassic World: Rebirth,869146189,https://www.boxofficemojo.com/releasegroup/gr4002763269/,https://www.boxofficemojo.com/year/world/2025/?sort=rank&sortDir=asc,tt31036941,http://www.wikidata.org/entity/Q124380480,Jurassic World Rebirth,film,drama film | action film | adventure film | science fiction film | science fiction action film,United States,Amblin Entertainment | The Kennedy/Marshall Company,English,Q124380480,P345 (IMDb ID),https://query.wikidata.org/sparql,2026-07-23,CC0 1.0
2025,7,Demon Slayer: Kimetsu No Yaiba Infinity Castle,793498985,https://www.boxofficemojo.com/releasegroup/gr342119173/,https://www.boxofficemojo.com/year/world/2025/?sort=rank&sortDir=asc,tt32820897,http://www.wikidata.org/entity/Q126948105,Demon Slayer: Kimetsu no Yaiba – Infinity Castle,anime film,adventure anime | fantasy anime | action anime | thriller anime,Japan,Ufotable,Japanese,Q126948105,P345 (IMDb ID),https://query.wikidata.org/sparql,2026-07-23,CC0 1.0
2025,8,How to Train Your Dragon,636596299,https://www.boxofficemojo.com/releasegroup/gr2474922501/,https://www.boxofficemojo.com/year/world/2025/?sort=rank&sortDir=asc,tt26743210,http://www.wikidata.org/entity/Q118904382,How to Train Your Dragon,film,fantasy film | action film | adventure film | teen film | monster film | family film | sword and sorcery film,United States,DreamWorks | DreamWorks Animation | Marc Platt Productions,English,Q118904382,P345 (IMDb ID),https://query.wikidata.org/sparql,2026-07-23,CC0 1.0
2025,9,F1: The Movie,634142436,https://www.boxofficemojo.com/releasegroup/gr4100936453/,https://www.boxofficemojo.com/year/world/2025/?sort=rank&sortDir=asc,tt16311594,http://www.wikidata.org/entity/Q114246242,F1,film,action film | sport film,United States,Plan B Entertainment | Q17305144 | Q108570460,English,Q114246242,P345 (IMDb ID),https://query.wikidata.org/sparql,2026-07-23,CC0 1.0
2025,10,Superman,618723803,https://www.boxofficemojo.com/releasegroup/gr746934789/,https://www.boxofficemojo.com/year/world/2025/?sort=rank&sortDir=asc,tt5950044,http://www.wikidata.org/entity/Q116547790,Superman,film,fantasy film | action film | adventure film | science fiction film | superhero film,United States,DC Studios,English,Q116547790,P345 (IMDb ID),https://query.wikidata.org/sparql,2026-07-23,CC0 1.0
2025,11,Mission: Impossible - The Final Reckoning,598767057,https://www.boxofficemojo.com/releasegroup/gr1885491717/,https://www.boxofficemojo.com/year/world/2025/?sort=rank&sortDir=asc,tt9603208,http://www.wikidata.org/entity/Q61876374,Mission: Impossible – The Final Reckoning,film,action film | spy film,United States | United Kingdom,Paramount Pictures,English,Q61876374,P345 (IMDb ID),https://query.wikidata.org/sparql,2026-07-23,CC0 1.0
2025,12,Wicked: For Good,540807971,https://www.boxofficemojo.com/releasegroup/gr1233736197/,https://www.boxofficemojo.com/year/world/2025/?sort=rank&sortDir=asc,tt19847976,http://www.wikidata.org/entity/Q114817050,Wicked: For Good,film,fantasy film | musical film,United States,Marc Platt Productions,English,Q114817050,P345 (IMDb ID),https://query.wikidata.org/sparql,2026-07-23,CC0 1.0
2025,13,The Fantastic Four: First Steps,521858728,https://www.boxofficemojo.com/releasegroup/gr2727170565/,https://www.boxofficemojo.com/year/world/2025/?sort=rank&sortDir=asc,tt10676052,http://www.wikidata.org/entity/Q105105219,The Fantastic Four: First Steps,film,action film | adventure film | science fiction film,United States,Marvel Studios,English,Q105105219,P345 (IMDb ID),https://query.wikidata.org/sparql,2026-07-23,CC0 1.0
2025,14,Detective Chinatown 1900,500282092,https://www.boxofficemojo.com/releasegroup/gr258298629/,https://www.boxofficemojo.com/year/world/2025/?sort=rank&sortDir=asc,tt34463310,http://www.wikidata.org/entity/Q131522509,Detective Chinatown 1900,film,comedy film | action film | mystery fiction,People's Republic of China,China Film Group Corporation | Wanda Media | Tianjin Maoyan Weiying Culture Media,English | Navajo | Putonghua,Q131522509,P345 (IMDb ID),https://query.wikidata.org/sparql,2026-07-23,CC0 1.0
2025,15,The Conjuring: Last Rites,499256445,https://www.boxofficemojo.com/releasegroup/gr3044233989/,https://www.boxofficemojo.com/year/world/2025/?sort=rank&sortDir=asc,tt22898462,http://www.wikidata.org/entity/Q114802043,The Conjuring: Last Rites,film,horror film | supernatural horror film,United States,New Line Cinema | The Safran Company | Atomic Monster,English,Q114802043,P345 (IMDb ID),https://query.wikidata.org/sparql,2026-07-23,CC0 1.0
2025,16,Dead to Rights,422789550,https://www.boxofficemojo.com/releasegroup/gr3229373189/,https://www.boxofficemojo.com/year/world/2025/?sort=rank&sortDir=asc,tt36598036,http://www.wikidata.org/entity/Q135110330,Dead To Rights,film,,People's Republic of China,"China Film Group Co.,Ltd.",Standard Chinese,Q135110330,P345 (IMDb ID),https://query.wikidata.org/sparql,2026-07-23,CC0 1.0
2025,17,Captain America: Brave New World,415101577,https://www.boxofficemojo.com/releasegroup/gr2894942725/,https://www.boxofficemojo.com/year/world/2025/?sort=rank&sortDir=asc,tt14513804,http://www.wikidata.org/entity/Q112322116,Captain America: Brave New World,film,action film | adventure film | science fiction film | superhero film,United States,Marvel Studios,English,Q112322116,P345 (IMDb ID),https://query.wikidata.org/sparql,2026-07-23,CC0 1.0
2025,18,The Housemaid,400530884,https://www.boxofficemojo.com/releasegroup/gr3966128901/,https://www.boxofficemojo.com/year/world/2025/?sort=rank&sortDir=asc,tt27543632,http://www.wikidata.org/entity/Q131630491,The Housemaid,film,thriller film,United States,,English,Q131630491,P345 (IMDb ID),https://query.wikidata.org/sparql,2026-07-23,CC0 1.0
2025,19,Thunderbolts*,382436917,https://www.boxofficemojo.com/releasegroup/gr2911719941/,https://www.boxofficemojo.com/year/world/2025/?sort=rank&sortDir=asc,tt20969586,http://www.wikidata.org/entity/Q112322474,Thunderbolts*,film,action film | adventure film | science fiction film | crime film | superhero film,United States,Marvel Studios,English,Q112322474,P345 (IMDb ID),https://query.wikidata.org/sparql,2026-07-23,CC0 1.0
2025,20,Sinners,370289632,https://www.boxofficemojo.com/releasegroup/gr3429585669/,https://www.boxofficemojo.com/year/world/2025/?sort=rank&sortDir=asc,tt31193180,http://www.wikidata.org/entity/Q125473145,Sinners,film,drama film | fantasy film | horror film | vampire film | thriller film,United States,Proximity Media,English,Q125473145,P345 (IMDb ID),https://query.wikidata.org/sparql,2026-07-23,CC0 1.0
