year,rank,title,worldwide_gross_usd,boxofficemojo_release_group_url,annual_ranking_source_url,imdb_id,imdb_primary_title,imdb_original_title,imdb_genres,is_animated,animation_classification_rule,animation_classification_source_url
2016,1,Captain America: Civil War,1153296293,https://www.boxofficemojo.com/releasegroup/gr2136297989/,https://www.boxofficemojo.com/year/world/2016/?sort=rank&sortDir=asc,tt3498820,Captain America: Civil War,Captain America: Civil War,"Action,Sci-Fi",no,IMDb genres contains Animation,https://datasets.imdbws.com/title.basics.tsv.gz
2016,2,Rogue One: A Star Wars Story,1056057273,https://www.boxofficemojo.com/releasegroup/gr384520709/,https://www.boxofficemojo.com/year/world/2016/?sort=rank&sortDir=asc,tt3748528,Rogue One: A Star Wars Story,Rogue One,"Action,Adventure,Sci-Fi",no,IMDb genres contains Animation,https://datasets.imdbws.com/title.basics.tsv.gz
2016,3,Finding Dory,1028570889,https://www.boxofficemojo.com/releasegroup/gr1869238789/,https://www.boxofficemojo.com/year/world/2016/?sort=rank&sortDir=asc,tt2277860,Finding Dory,Finding Dory,"Adventure,Animation,Comedy",yes,IMDb genres contains Animation,https://datasets.imdbws.com/title.basics.tsv.gz
2016,4,Zootopia,1023784195,https://www.boxofficemojo.com/releasegroup/gr1680691717/,https://www.boxofficemojo.com/year/world/2016/?sort=rank&sortDir=asc,tt2948356,Zootopia,Zootopia,"Action,Adventure,Animation",yes,IMDb genres contains Animation,https://datasets.imdbws.com/title.basics.tsv.gz
2016,5,The Jungle Book,966550600,https://www.boxofficemojo.com/releasegroup/gr1103385093/,https://www.boxofficemojo.com/year/world/2016/?sort=rank&sortDir=asc,tt3040964,The Jungle Book,The Jungle Book,"Action,Adventure,Animation",yes,IMDb genres contains Animation,https://datasets.imdbws.com/title.basics.tsv.gz
2016,6,The Secret Life of Pets,875697467,https://www.boxofficemojo.com/releasegroup/gr4228141573/,https://www.boxofficemojo.com/year/world/2016/?sort=rank&sortDir=asc,tt2709768,The Secret Life of Pets,The Secret Life of Pets,"Adventure,Animation,Comedy",yes,IMDb genres contains Animation,https://datasets.imdbws.com/title.basics.tsv.gz
2016,7,Batman v Superman: Dawn of Justice,874360194,https://www.boxofficemojo.com/releasegroup/gr4182135301/,https://www.boxofficemojo.com/year/world/2016/?sort=rank&sortDir=asc,tt2975590,Batman v Superman: Dawn of Justice,Batman v Superman: Dawn of Justice,Sci-Fi,no,IMDb genres contains Animation,https://datasets.imdbws.com/title.basics.tsv.gz
2016,8,Fantastic Beasts and Where to Find Them,816037575,https://www.boxofficemojo.com/releasegroup/gr3670495749/,https://www.boxofficemojo.com/year/world/2016/?sort=rank&sortDir=asc,tt3183660,Fantastic Beasts and Where to Find Them,Fantastic Beasts and Where to Find Them,"Adventure,Family,Fantasy",no,IMDb genres contains Animation,https://datasets.imdbws.com/title.basics.tsv.gz
2016,9,Deadpool,782612155,https://www.boxofficemojo.com/releasegroup/gr2532200965/,https://www.boxofficemojo.com/year/world/2016/?sort=rank&sortDir=asc,tt1431045,Deadpool,Deadpool,"Action,Comedy,Sci-Fi",no,IMDb genres contains Animation,https://datasets.imdbws.com/title.basics.tsv.gz
2016,10,Suicide Squad,749200054,https://www.boxofficemojo.com/releasegroup/gr457593349/,https://www.boxofficemojo.com/year/world/2016/?sort=rank&sortDir=asc,tt1386697,Suicide Squad,Suicide Squad,"Action,Adventure,Fantasy",no,IMDb genres contains Animation,https://datasets.imdbws.com/title.basics.tsv.gz
2016,11,Doctor Strange,677718395,https://www.boxofficemojo.com/releasegroup/gr2284737029/,https://www.boxofficemojo.com/year/world/2016/?sort=rank&sortDir=asc,tt1211837,Doctor Strange,Doctor Strange,"Action,Adventure,Fantasy",no,IMDb genres contains Animation,https://datasets.imdbws.com/title.basics.tsv.gz
2016,12,Moana,643331111,https://www.boxofficemojo.com/releasegroup/gr1742623237/,https://www.boxofficemojo.com/year/world/2016/?sort=rank&sortDir=asc,tt3521164,Moana,Moana,"Adventure,Animation,Comedy",yes,IMDb genres contains Animation,https://datasets.imdbws.com/title.basics.tsv.gz
2016,13,Sing,634151679,https://www.boxofficemojo.com/releasegroup/gr3642970629/,https://www.boxofficemojo.com/year/world/2016/?sort=rank&sortDir=asc,tt3470600,Sing,Sing,"Animation,Comedy,Family",yes,IMDb genres contains Animation,https://datasets.imdbws.com/title.basics.tsv.gz
2016,14,The Mermaid,553810228,https://www.boxofficemojo.com/releasegroup/gr719016453/,https://www.boxofficemojo.com/year/world/2016/?sort=rank&sortDir=asc,tt4701660,The Mermaid,Mei ren yu,"Comedy,Drama,Fantasy",no,IMDb genres contains Animation,https://datasets.imdbws.com/title.basics.tsv.gz
2016,15,X-Men: Apocalypse,543934105,https://www.boxofficemojo.com/releasegroup/gr2590724613/,https://www.boxofficemojo.com/year/world/2016/?sort=rank&sortDir=asc,tt3385516,X-Men: Apocalypse,X-Men: Apocalypse,"Action,Adventure,Sci-Fi",no,IMDb genres contains Animation,https://datasets.imdbws.com/title.basics.tsv.gz
2016,16,Kung Fu Panda 3,521170825,https://www.boxofficemojo.com/releasegroup/gr4045558277/,https://www.boxofficemojo.com/year/world/2016/?sort=rank&sortDir=asc,tt2267968,Kung Fu Panda 3,Kung Fu Panda 3,"Action,Adventure,Animation",yes,IMDb genres contains Animation,https://datasets.imdbws.com/title.basics.tsv.gz
2016,17,La La Land,447407695,https://www.boxofficemojo.com/releasegroup/gr2781106693/,https://www.boxofficemojo.com/year/world/2016/?sort=rank&sortDir=asc,tt3783958,La La Land,La La Land,"Comedy,Drama,Music",no,IMDb genres contains Animation,https://datasets.imdbws.com/title.basics.tsv.gz
2016,18,Warcraft,439048914,https://www.boxofficemojo.com/releasegroup/gr2367640069/,https://www.boxofficemojo.com/year/world/2016/?sort=rank&sortDir=asc,tt0803096,Warcraft,Warcraft,"Action,Adventure,Fantasy",no,IMDb genres contains Animation,https://datasets.imdbws.com/title.basics.tsv.gz
2016,19,Jason Bourne,415484914,https://www.boxofficemojo.com/releasegroup/gr2385007109/,https://www.boxofficemojo.com/year/world/2016/?sort=rank&sortDir=asc,tt4196776,Jason Bourne,Jason Bourne,"Action,Thriller",no,IMDb genres contains Animation,https://datasets.imdbws.com/title.basics.tsv.gz
2016,20,Ice Age: Collision Course,408579038,https://www.boxofficemojo.com/releasegroup/gr307778053/,https://www.boxofficemojo.com/year/world/2016/?sort=rank&sortDir=asc,tt3416828,Ice Age: Collision Course,Ice Age: Collision Course,"Action,Adventure,Animation",yes,IMDb genres contains Animation,https://datasets.imdbws.com/title.basics.tsv.gz
2017,1,Star Wars: Episode VIII - The Last Jedi,1332539889,https://www.boxofficemojo.com/releasegroup/gr3764736517/,https://www.boxofficemojo.com/year/world/2017/?sort=rank&sortDir=asc,tt2527336,Star Wars: Episode VIII - The Last Jedi,Star Wars: Episode VIII - The Last Jedi,"Action,Adventure,Fantasy",no,IMDb genres contains Animation,https://datasets.imdbws.com/title.basics.tsv.gz
2017,2,Beauty and the Beast,1263521126,https://www.boxofficemojo.com/releasegroup/gr1429688837/,https://www.boxofficemojo.com/year/world/2017/?sort=rank&sortDir=asc,tt2771200,Beauty and the Beast,Beauty and the Beast,"Adventure,Family,Fantasy",no,IMDb genres contains Animation,https://datasets.imdbws.com/title.basics.tsv.gz
2017,3,The Fate of the Furious,1236005118,https://www.boxofficemojo.com/releasegroup/gr38949381/,https://www.boxofficemojo.com/year/world/2017/?sort=rank&sortDir=asc,tt4630562,The Fate of the Furious,The Fate of the Furious,"Action,Crime,Thriller",no,IMDb genres contains Animation,https://datasets.imdbws.com/title.basics.tsv.gz
2017,4,Despicable Me 3,1034799409,https://www.boxofficemojo.com/releasegroup/gr1982484997/,https://www.boxofficemojo.com/year/world/2017/?sort=rank&sortDir=asc,tt3469046,Despicable Me 3,Despicable Me 3,"Adventure,Animation,Comedy",yes,IMDb genres contains Animation,https://datasets.imdbws.com/title.basics.tsv.gz
2017,5,Jumanji: Welcome to the Jungle,962077546,https://www.boxofficemojo.com/releasegroup/gr2130465285/,https://www.boxofficemojo.com/year/world/2017/?sort=rank&sortDir=asc,tt2283362,Jumanji: Welcome to the Jungle,Jumanji: Welcome to the Jungle,"Action,Adventure,Comedy",no,IMDb genres contains Animation,https://datasets.imdbws.com/title.basics.tsv.gz
2017,6,Spider-Man: Homecoming,880166924,https://www.boxofficemojo.com/releasegroup/gr65032709/,https://www.boxofficemojo.com/year/world/2017/?sort=rank&sortDir=asc,tt2250912,Spider-Man: Homecoming,Spider-Man: Homecoming,"Action,Adventure,Sci-Fi",no,IMDb genres contains Animation,https://datasets.imdbws.com/title.basics.tsv.gz
2017,7,Wolf Warrior 2,870325439,https://www.boxofficemojo.com/releasegroup/gr3036500485/,https://www.boxofficemojo.com/year/world/2017/?sort=rank&sortDir=asc,tt7131870,Wolf Warrior 2,Zhan lang II,"Action,Adventure,Drama",no,IMDb genres contains Animation,https://datasets.imdbws.com/title.basics.tsv.gz
2017,8,Guardians of the Galaxy: Vol. 2,863756051,https://www.boxofficemojo.com/releasegroup/gr388583941/,https://www.boxofficemojo.com/year/world/2017/?sort=rank&sortDir=asc,tt3896198,Guardians of the Galaxy: Vol. 2,Guardians of the Galaxy Vol. 2,"Action,Adventure,Comedy",no,IMDb genres contains Animation,https://datasets.imdbws.com/title.basics.tsv.gz
2017,9,Thor: Ragnarok,853977126,https://www.boxofficemojo.com/releasegroup/gr197939717/,https://www.boxofficemojo.com/year/world/2017/?sort=rank&sortDir=asc,tt3501632,Thor: Ragnarok,Thor: Ragnarok,"Action,Adventure,Comedy",no,IMDb genres contains Animation,https://datasets.imdbws.com/title.basics.tsv.gz
2017,10,Wonder Woman,822963408,https://www.boxofficemojo.com/releasegroup/gr1207325189/,https://www.boxofficemojo.com/year/world/2017/?sort=rank&sortDir=asc,tt0451279,Wonder Woman,Wonder Woman,"Action,Adventure,Fantasy",no,IMDb genres contains Animation,https://datasets.imdbws.com/title.basics.tsv.gz
2017,11,Coco,814641172,https://www.boxofficemojo.com/releasegroup/gr2402243077/,https://www.boxofficemojo.com/year/world/2017/?sort=rank&sortDir=asc,tt2380307,Coco,Coco,"Adventure,Animation,Drama",yes,IMDb genres contains Animation,https://datasets.imdbws.com/title.basics.tsv.gz
2017,12,Pirates of the Caribbean: Dead Men Tell No Tales,794861794,https://www.boxofficemojo.com/releasegroup/gr1009078789/,https://www.boxofficemojo.com/year/world/2017/?sort=rank&sortDir=asc,tt1790809,Pirates of the Caribbean: Dead Men Tell No Tales,Pirates of the Caribbean: Dead Men Tell No Tales,"Action,Adventure,Fantasy",no,IMDb genres contains Animation,https://datasets.imdbws.com/title.basics.tsv.gz
2017,13,It,702781748,https://www.boxofficemojo.com/releasegroup/gr1547719173/,https://www.boxofficemojo.com/year/world/2017/?sort=rank&sortDir=asc,tt1396484,It,It,Horror,no,IMDb genres contains Animation,https://datasets.imdbws.com/title.basics.tsv.gz
2017,14,Justice League,661324295,https://www.boxofficemojo.com/releasegroup/gr2733527557/,https://www.boxofficemojo.com/year/world/2017/?sort=rank&sortDir=asc,tt0974015,Justice League,Justice League,Sci-Fi,no,IMDb genres contains Animation,https://datasets.imdbws.com/title.basics.tsv.gz
2017,15,Logan,619021436,https://www.boxofficemojo.com/releasegroup/gr4057092613/,https://www.boxofficemojo.com/year/world/2017/?sort=rank&sortDir=asc,tt3315342,Logan,Logan,"Action,Drama,Sci-Fi",no,IMDb genres contains Animation,https://datasets.imdbws.com/title.basics.tsv.gz
2017,16,Transformers: The Last Knight,605425157,https://www.boxofficemojo.com/releasegroup/gr438653445/,https://www.boxofficemojo.com/year/world/2017/?sort=rank&sortDir=asc,tt3371366,Transformers: The Last Knight,Transformers: The Last Knight,"Action,Adventure,Comedy",no,IMDb genres contains Animation,https://datasets.imdbws.com/title.basics.tsv.gz
2017,17,Kong: Skull Island,568652812,https://www.boxofficemojo.com/releasegroup/gr3991622149/,https://www.boxofficemojo.com/year/world/2017/?sort=rank&sortDir=asc,tt3731562,Kong: Skull Island,Kong: Skull Island,"Action,Adventure,Fantasy",no,IMDb genres contains Animation,https://datasets.imdbws.com/title.basics.tsv.gz
2017,18,The Boss Baby,527965936,https://www.boxofficemojo.com/releasegroup/gr2517979653/,https://www.boxofficemojo.com/year/world/2017/?sort=rank&sortDir=asc,tt3874544,The Boss Baby,The Boss Baby,"Adventure,Animation,Comedy",yes,IMDb genres contains Animation,https://datasets.imdbws.com/title.basics.tsv.gz
2017,19,Dunkirk,526045546,https://www.boxofficemojo.com/releasegroup/gr3929100805/,https://www.boxofficemojo.com/year/world/2017/?sort=rank&sortDir=asc,tt5013056,Dunkirk,Dunkirk,"Action,Drama,History",no,IMDb genres contains Animation,https://datasets.imdbws.com/title.basics.tsv.gz
2017,20,War for the Planet of the Apes,490719763,https://www.boxofficemojo.com/releasegroup/gr2539147781/,https://www.boxofficemojo.com/year/world/2017/?sort=rank&sortDir=asc,tt3450958,War for the Planet of the Apes,War for the Planet of the Apes,"Action,Adventure,Drama",no,IMDb genres contains Animation,https://datasets.imdbws.com/title.basics.tsv.gz
2018,1,Avengers: Infinity War,2048359754,https://www.boxofficemojo.com/releasegroup/gr3915469317/,https://www.boxofficemojo.com/year/world/2018/?sort=rank&sortDir=asc,tt4154756,Avengers: Infinity War,Avengers: Infinity War,"Action,Adventure,Sci-Fi",no,IMDb genres contains Animation,https://datasets.imdbws.com/title.basics.tsv.gz
2018,2,Black Panther,1346913161,https://www.boxofficemojo.com/releasegroup/gr3458290181/,https://www.boxofficemojo.com/year/world/2018/?sort=rank&sortDir=asc,tt1825683,Black Panther,Black Panther,"Action,Adventure,Sci-Fi",no,IMDb genres contains Animation,https://datasets.imdbws.com/title.basics.tsv.gz
2018,3,Jurassic World: Fallen Kingdom,1308467944,https://www.boxofficemojo.com/releasegroup/gr3108917765/,https://www.boxofficemojo.com/year/world/2018/?sort=rank&sortDir=asc,tt4881806,Jurassic World: Fallen Kingdom,Jurassic World: Fallen Kingdom,"Action,Adventure,Sci-Fi",no,IMDb genres contains Animation,https://datasets.imdbws.com/title.basics.tsv.gz
2018,4,Incredibles 2,1242805359,https://www.boxofficemojo.com/releasegroup/gr2507690501/,https://www.boxofficemojo.com/year/world/2018/?sort=rank&sortDir=asc,tt3606756,Incredibles 2,Incredibles 2,"Action,Adventure,Animation",yes,IMDb genres contains Animation,https://datasets.imdbws.com/title.basics.tsv.gz
2018,5,Aquaman,1151961807,https://www.boxofficemojo.com/releasegroup/gr1903186437/,https://www.boxofficemojo.com/year/world/2018/?sort=rank&sortDir=asc,tt1477834,Aquaman,Aquaman,"Action,Adventure,Fantasy",no,IMDb genres contains Animation,https://datasets.imdbws.com/title.basics.tsv.gz
2018,6,Bohemian Rhapsody,903655259,https://www.boxofficemojo.com/releasegroup/gr4107555333/,https://www.boxofficemojo.com/year/world/2018/?sort=rank&sortDir=asc,tt1727824,Bohemian Rhapsody,Bohemian Rhapsody,"Biography,Drama,Music",no,IMDb genres contains Animation,https://datasets.imdbws.com/title.basics.tsv.gz
2018,7,Venom,856085151,https://www.boxofficemojo.com/releasegroup/gr3586740741/,https://www.boxofficemojo.com/year/world/2018/?sort=rank&sortDir=asc,tt1270797,Venom,Venom,"Action,Adventure,Sci-Fi",no,IMDb genres contains Animation,https://datasets.imdbws.com/title.basics.tsv.gz
2018,8,Mission: Impossible - Fallout,791115104,https://www.boxofficemojo.com/releasegroup/gr248533509/,https://www.boxofficemojo.com/year/world/2018/?sort=rank&sortDir=asc,tt4912910,Mission: Impossible - Fallout,Mission: Impossible - Fallout,"Action,Adventure,Thriller",no,IMDb genres contains Animation,https://datasets.imdbws.com/title.basics.tsv.gz
2018,9,Deadpool 2,734546611,https://www.boxofficemojo.com/releasegroup/gr262820357/,https://www.boxofficemojo.com/year/world/2018/?sort=rank&sortDir=asc,tt5463162,Deadpool 2,Deadpool 2,"Action,Adventure,Comedy",no,IMDb genres contains Animation,https://datasets.imdbws.com/title.basics.tsv.gz
2018,10,Fantastic Beasts: The Crimes of Grindelwald,655755901,https://www.boxofficemojo.com/releasegroup/gr3275837957/,https://www.boxofficemojo.com/year/world/2018/?sort=rank&sortDir=asc,tt4123430,Fantastic Beasts: The Crimes of Grindelwald,Fantastic Beasts: The Crimes of Grindelwald,"Adventure,Family,Fantasy",no,IMDb genres contains Animation,https://datasets.imdbws.com/title.basics.tsv.gz
2018,11,Ant-Man and the Wasp,622674139,https://www.boxofficemojo.com/releasegroup/gr869618181/,https://www.boxofficemojo.com/year/world/2018/?sort=rank&sortDir=asc,tt5095030,Ant-Man and the Wasp,Ant-Man and the Wasp,"Action,Adventure,Comedy",no,IMDb genres contains Animation,https://datasets.imdbws.com/title.basics.tsv.gz
2018,12,Ready Player One,583490172,https://www.boxofficemojo.com/releasegroup/gr1211716101/,https://www.boxofficemojo.com/year/world/2018/?sort=rank&sortDir=asc,tt1677720,Ready Player One,Ready Player One,"Action,Adventure,Sci-Fi",no,IMDb genres contains Animation,https://datasets.imdbws.com/title.basics.tsv.gz
2018,13,Operation Red Sea,579330426,https://www.boxofficemojo.com/releasegroup/gr2180010501/,https://www.boxofficemojo.com/year/world/2018/?sort=rank&sortDir=asc,tt6878882,Operation Red Sea,Hong hai xing dong,"Action,Drama,Thriller",no,IMDb genres contains Animation,https://datasets.imdbws.com/title.basics.tsv.gz
2018,14,Detective Chinatown 2,544185156,https://www.boxofficemojo.com/releasegroup/gr3093189125/,https://www.boxofficemojo.com/year/world/2018/?sort=rank&sortDir=asc,tt7752454,Detective Chinatown 2,Tang ren jie tan an 2,"Action,Comedy,Crime",no,IMDb genres contains Animation,https://datasets.imdbws.com/title.basics.tsv.gz
2018,15,Ralph Breaks the Internet,529323962,https://www.boxofficemojo.com/releasegroup/gr4200485381/,https://www.boxofficemojo.com/year/world/2018/?sort=rank&sortDir=asc,tt5848272,Ralph Breaks the Internet,Ralph Breaks the Internet,"Adventure,Animation,Comedy",yes,IMDb genres contains Animation,https://datasets.imdbws.com/title.basics.tsv.gz
2018,16,The Meg,529243742,https://www.boxofficemojo.com/releasegroup/gr214127109/,https://www.boxofficemojo.com/year/world/2018/?sort=rank&sortDir=asc,tt4779682,The Meg,The Meg,"Action,Adventure,Horror",no,IMDb genres contains Animation,https://datasets.imdbws.com/title.basics.tsv.gz
2018,17,Hotel Transylvania 3: Summer Vacation,528583774,https://www.boxofficemojo.com/releasegroup/gr4181873157/,https://www.boxofficemojo.com/year/world/2018/?sort=rank&sortDir=asc,tt5220122,Hotel Transylvania 3: Summer Vacation,Hotel Transylvania 3: Summer Vacation,"Adventure,Animation,Comedy",yes,IMDb genres contains Animation,https://datasets.imdbws.com/title.basics.tsv.gz
2018,18,The Grinch,512715682,https://www.boxofficemojo.com/releasegroup/gr1661227525/,https://www.boxofficemojo.com/year/world/2018/?sort=rank&sortDir=asc,tt2709692,The Grinch,The Grinch,"Animation,Comedy,Family",yes,IMDb genres contains Animation,https://datasets.imdbws.com/title.basics.tsv.gz
2018,19,Bumblebee,467989645,https://www.boxofficemojo.com/releasegroup/gr2098156037/,https://www.boxofficemojo.com/year/world/2018/?sort=rank&sortDir=asc,tt4701182,Bumblebee,Bumblebee,"Action,Adventure,Sci-Fi",no,IMDb genres contains Animation,https://datasets.imdbws.com/title.basics.tsv.gz
2018,20,Dying to Survive,451176639,https://www.boxofficemojo.com/releasegroup/gr3524612613/,https://www.boxofficemojo.com/year/world/2018/?sort=rank&sortDir=asc,tt7362036,Dying to Survive,Wo bu shi yao shen,"Comedy,Drama",no,IMDb genres contains Animation,https://datasets.imdbws.com/title.basics.tsv.gz
2019,1,Avengers: Endgame,2799439100,https://www.boxofficemojo.com/releasegroup/gr3511898629/,https://www.boxofficemojo.com/year/world/2019/?sort=rank&sortDir=asc,tt4154796,Avengers: Endgame,Avengers: Endgame,"Action,Adventure,Sci-Fi",no,IMDb genres contains Animation,https://datasets.imdbws.com/title.basics.tsv.gz
2019,2,The Lion King,1656943394,https://www.boxofficemojo.com/releasegroup/gr403788293/,https://www.boxofficemojo.com/year/world/2019/?sort=rank&sortDir=asc,tt6105098,The Lion King,The Lion King,"Adventure,Animation,Drama",yes,IMDb genres contains Animation,https://datasets.imdbws.com/title.basics.tsv.gz
2019,3,Frozen II,1450026933,https://www.boxofficemojo.com/releasegroup/gr1030181381/,https://www.boxofficemojo.com/year/world/2019/?sort=rank&sortDir=asc,tt4520988,Frozen II,Frozen II,"Adventure,Animation,Comedy",yes,IMDb genres contains Animation,https://datasets.imdbws.com/title.basics.tsv.gz
2019,4,Spider-Man: Far from Home,1131927996,https://www.boxofficemojo.com/releasegroup/gr1825526277/,https://www.boxofficemojo.com/year/world/2019/?sort=rank&sortDir=asc,tt6320628,Spider-Man: Far from Home,Spider-Man: Far from Home,"Action,Adventure,Comedy",no,IMDb genres contains Animation,https://datasets.imdbws.com/title.basics.tsv.gz
2019,5,Captain Marvel,1128274794,https://www.boxofficemojo.com/releasegroup/gr3085718021/,https://www.boxofficemojo.com/year/world/2019/?sort=rank&sortDir=asc,tt4154664,Captain Marvel,Captain Marvel,"Action,Adventure,Sci-Fi",no,IMDb genres contains Animation,https://datasets.imdbws.com/title.basics.tsv.gz
2019,6,Joker,1078751311,https://www.boxofficemojo.com/releasegroup/gr4123480581/,https://www.boxofficemojo.com/year/world/2019/?sort=rank&sortDir=asc,tt7286456,Joker,Joker,Drama,no,IMDb genres contains Animation,https://datasets.imdbws.com/title.basics.tsv.gz
2019,7,Star Wars: Episode IX - The Rise of Skywalker,1074144248,https://www.boxofficemojo.com/releasegroup/gr2303480325/,https://www.boxofficemojo.com/year/world/2019/?sort=rank&sortDir=asc,tt2527338,Star Wars: Episode IX - The Rise of Skywalker,Star Wars: Episode IX - The Rise of Skywalker,"Action,Adventure,Fantasy",no,IMDb genres contains Animation,https://datasets.imdbws.com/title.basics.tsv.gz
2019,8,Toy Story 4,1073394593,https://www.boxofficemojo.com/releasegroup/gr2366394885/,https://www.boxofficemojo.com/year/world/2019/?sort=rank&sortDir=asc,tt1979376,Toy Story 4,Toy Story 4,"Adventure,Animation,Comedy",yes,IMDb genres contains Animation,https://datasets.imdbws.com/title.basics.tsv.gz
2019,9,Aladdin,1050693953,https://www.boxofficemojo.com/releasegroup/gr2669236741/,https://www.boxofficemojo.com/year/world/2019/?sort=rank&sortDir=asc,tt6139732,Aladdin,Aladdin,"Adventure,Comedy,Family",no,IMDb genres contains Animation,https://datasets.imdbws.com/title.basics.tsv.gz
2019,10,Jumanji: The Next Level,801693929,https://www.boxofficemojo.com/releasegroup/gr2719109637/,https://www.boxofficemojo.com/year/world/2019/?sort=rank&sortDir=asc,tt7975244,Jumanji: The Next Level,Jumanji: The Next Level,"Action,Adventure,Comedy",no,IMDb genres contains Animation,https://datasets.imdbws.com/title.basics.tsv.gz
2019,11,Fast & Furious Presents: Hobbs & Shaw,760732926,https://www.boxofficemojo.com/releasegroup/gr423973381/,https://www.boxofficemojo.com/year/world/2019/?sort=rank&sortDir=asc,tt6806448,Fast & Furious Presents: Hobbs & Shaw,Fast & Furious Presents: Hobbs & Shaw,"Action,Adventure,Thriller",no,IMDb genres contains Animation,https://datasets.imdbws.com/title.basics.tsv.gz
2019,12,Ne Zha,725920658,https://www.boxofficemojo.com/releasegroup/gr3953807877/,https://www.boxofficemojo.com/year/world/2019/?sort=rank&sortDir=asc,tt10627720,Ne Zha,Nezha: Mo tong jiang shi,"Action,Adventure,Animation",yes,IMDb genres contains Animation,https://datasets.imdbws.com/title.basics.tsv.gz
2019,13,The Wandering Earth,699856699,https://www.boxofficemojo.com/releasegroup/gr2718781957/,https://www.boxofficemojo.com/year/world/2019/?sort=rank&sortDir=asc,tt7605074,The Wandering Earth,Liú Làng Dì Qiú,"Action,Adventure,Sci-Fi",no,IMDb genres contains Animation,https://datasets.imdbws.com/title.basics.tsv.gz
2019,14,How to Train Your Dragon: The Hidden World,521799505,https://www.boxofficemojo.com/releasegroup/gr2553172485/,https://www.boxofficemojo.com/year/world/2019/?sort=rank&sortDir=asc,tt2386490,How to Train Your Dragon: The Hidden World,How to Train Your Dragon: The Hidden World,"Action,Adventure,Animation",yes,IMDb genres contains Animation,https://datasets.imdbws.com/title.basics.tsv.gz
2019,15,Maleficent: Mistress of Evil,491730089,https://www.boxofficemojo.com/releasegroup/gr2536985093/,https://www.boxofficemojo.com/year/world/2019/?sort=rank&sortDir=asc,tt4777008,Maleficent: Mistress of Evil,Maleficent: Mistress of Evil,"Adventure,Drama,Family",no,IMDb genres contains Animation,https://datasets.imdbws.com/title.basics.tsv.gz
2019,16,It: Chapter Two,473093228,https://www.boxofficemojo.com/releasegroup/gr3159511557/,https://www.boxofficemojo.com/year/world/2019/?sort=rank&sortDir=asc,tt7349950,It: Chapter Two,It: Chapter Two,"Drama,Fantasy,Horror",no,IMDb genres contains Animation,https://datasets.imdbws.com/title.basics.tsv.gz
2019,17,"My People, My Country",450064993,https://www.boxofficemojo.com/releasegroup/gr902124037/,https://www.boxofficemojo.com/year/world/2019/?sort=rank&sortDir=asc,tt10147382,"My People, My Country",Wo he wo de zu guo,"Drama,History",no,IMDb genres contains Animation,https://datasets.imdbws.com/title.basics.tsv.gz
2019,18,Pokémon: Detective Pikachu,433305346,https://www.boxofficemojo.com/releasegroup/gr3275444741/,https://www.boxofficemojo.com/year/world/2019/?sort=rank&sortDir=asc,tt5884052,Pokémon: Detective Pikachu,Pokémon: Detective Pikachu,"Adventure,Comedy,Family",no,IMDb genres contains Animation,https://datasets.imdbws.com/title.basics.tsv.gz
2019,19,The Secret Life of Pets 2,431164459,https://www.boxofficemojo.com/releasegroup/gr2298958341/,https://www.boxofficemojo.com/year/world/2019/?sort=rank&sortDir=asc,tt5113040,The Secret Life of Pets 2,The Secret Life of Pets 2,"Adventure,Animation,Comedy",yes,IMDb genres contains Animation,https://datasets.imdbws.com/title.basics.tsv.gz
2019,20,The Captain,417863545,https://www.boxofficemojo.com/releasegroup/gr107893253/,https://www.boxofficemojo.com/year/world/2019/?sort=rank&sortDir=asc,tt10218664,The Captain,Zhong guo ji zhang,"Action,Adventure,Drama",no,IMDb genres contains Animation,https://datasets.imdbws.com/title.basics.tsv.gz
2020,1,Demon Slayer: Kimetsu no Yaiba - The Movie: Mugen Train,472162520,https://www.boxofficemojo.com/releasegroup/gr2409976325/,https://www.boxofficemojo.com/year/world/2020/?sort=rank&sortDir=asc,tt11032374,Demon Slayer: Kimetsu no Yaiba - The Movie: Mugen Train,Gekijô-ban Kimetsu no Yaiba Mugen Ressha-hen,"Action,Adventure,Animation",yes,IMDb genres contains Animation,https://datasets.imdbws.com/title.basics.tsv.gz
2020,2,The Eight Hundred,461421559,https://www.boxofficemojo.com/releasegroup/gr832590341/,https://www.boxofficemojo.com/year/world/2020/?sort=rank&sortDir=asc,tt7294150,The Eight Hundred,Ba bai,"Action,Drama,History",no,IMDb genres contains Animation,https://datasets.imdbws.com/title.basics.tsv.gz
2020,3,Bad Boys for Life,426505244,https://www.boxofficemojo.com/releasegroup/gr3944174085/,https://www.boxofficemojo.com/year/world/2020/?sort=rank&sortDir=asc,tt1502397,Bad Boys for Life,Bad Boys for Life,"Action,Comedy,Crime",no,IMDb genres contains Animation,https://datasets.imdbws.com/title.basics.tsv.gz
2020,4,"My People, My Homeland",422390820,https://www.boxofficemojo.com/releasegroup/gr1571181061/,https://www.boxofficemojo.com/year/world/2020/?sort=rank&sortDir=asc,tt12363162,"My People, My Homeland",Wo he wo de jia xiang,Drama,no,IMDb genres contains Animation,https://datasets.imdbws.com/title.basics.tsv.gz
2020,5,Tenet,365304105,https://www.boxofficemojo.com/releasegroup/gr418796037/,https://www.boxofficemojo.com/year/world/2020/?sort=rank&sortDir=asc,tt6723592,Tenet,Tenet,"Action,Sci-Fi,Thriller",no,IMDb genres contains Animation,https://datasets.imdbws.com/title.basics.tsv.gz
2020,6,Sonic the Hedgehog,319715683,https://www.boxofficemojo.com/releasegroup/gr2707509765/,https://www.boxofficemojo.com/year/world/2020/?sort=rank&sortDir=asc,tt3794354,Sonic the Hedgehog,Sonic the Hedgehog,"Action,Adventure,Comedy",no,IMDb genres contains Animation,https://datasets.imdbws.com/title.basics.tsv.gz
2020,7,Dolittle,251410631,https://www.boxofficemojo.com/releasegroup/gr888885765/,https://www.boxofficemojo.com/year/world/2020/?sort=rank&sortDir=asc,tt6673612,Dolittle,Dolittle,"Adventure,Comedy,Family",no,IMDb genres contains Animation,https://datasets.imdbws.com/title.basics.tsv.gz
2020,8,Jiang Ziya,240646355,https://www.boxofficemojo.com/releasegroup/gr3786166789/,https://www.boxofficemojo.com/year/world/2020/?sort=rank&sortDir=asc,tt11177804,Jiang Ziya,Jiang Ziya,"Action,Adventure,Animation",yes,IMDb genres contains Animation,https://datasets.imdbws.com/title.basics.tsv.gz
2020,9,A Little Red Flower,216000000,https://www.boxofficemojo.com/releasegroup/gr2243580421/,https://www.boxofficemojo.com/year/world/2020/?sort=rank&sortDir=asc,tt12497408,A Little Red Flower,Song ni yi duo xiao hong hua,"Drama,Family",no,IMDb genres contains Animation,https://datasets.imdbws.com/title.basics.tsv.gz
2020,10,The Croods: A New Age,215905815,https://www.boxofficemojo.com/releasegroup/gr3240120837/,https://www.boxofficemojo.com/year/world/2020/?sort=rank&sortDir=asc,tt2850386,The Croods: A New Age,The Croods: A New Age,"Adventure,Animation,Comedy",yes,IMDb genres contains Animation,https://datasets.imdbws.com/title.basics.tsv.gz
2020,11,Birds of Prey and the Fantabulous Emancipation of One Harley Quinn,205358461,https://www.boxofficemojo.com/releasegroup/gr1265914373/,https://www.boxofficemojo.com/year/world/2020/?sort=rank&sortDir=asc,tt7713068,Birds of Prey and the Fantabulous Emancipation of One Harley Quinn,Birds of Prey (and the Fantabulous Emancipation of One Harley Quinn),"Action,Comedy,Crime",no,IMDb genres contains Animation,https://datasets.imdbws.com/title.basics.tsv.gz
2020,12,Chak dan juen ga 2,198921659,https://www.boxofficemojo.com/releasegroup/gr2797228549/,https://www.boxofficemojo.com/year/world/2020/?sort=rank&sortDir=asc,tt9597838,Chak dan juen ga 2,Chak dan juen ga 2,"Action,Crime,Thriller",no,IMDb genres contains Animation,https://datasets.imdbws.com/title.basics.tsv.gz
2020,13,Wonder Woman 1984,169601036,https://www.boxofficemojo.com/releasegroup/gr1373065733/,https://www.boxofficemojo.com/year/world/2020/?sort=rank&sortDir=asc,tt7126948,Wonder Woman 1984,Wonder Woman 1984,"Action,Adventure,Fantasy",no,IMDb genres contains Animation,https://datasets.imdbws.com/title.basics.tsv.gz
2020,14,The Sacrifice,161047608,https://www.boxofficemojo.com/releasegroup/gr2107986437/,https://www.boxofficemojo.com/year/world/2020/?sort=rank&sortDir=asc,tt13000980,The Sacrifice,Jin Gang Chuan,"Action,Drama,War",no,IMDb genres contains Animation,https://datasets.imdbws.com/title.basics.tsv.gz
2020,15,The Invisible Man,144492724,https://www.boxofficemojo.com/releasegroup/gr3538178565/,https://www.boxofficemojo.com/year/world/2020/?sort=rank&sortDir=asc,tt1051906,The Invisible Man,The Invisible Man,"Drama,Horror,Mystery",no,IMDb genres contains Animation,https://datasets.imdbws.com/title.basics.tsv.gz
2020,16,Onward,141914643,https://www.boxofficemojo.com/releasegroup/gr883905029/,https://www.boxofficemojo.com/year/world/2020/?sort=rank&sortDir=asc,tt7146812,Onward,Onward,"Adventure,Animation,Comedy",yes,IMDb genres contains Animation,https://datasets.imdbws.com/title.basics.tsv.gz
2020,17,Warm Hug,129240236,https://www.boxofficemojo.com/releasegroup/gr2595901957/,https://www.boxofficemojo.com/year/world/2020/?sort=rank&sortDir=asc,tt13529418,Warm Hug,Wen nuan de bao bao,Comedy,no,IMDb genres contains Animation,https://datasets.imdbws.com/title.basics.tsv.gz
2020,18,Soul,121903885,https://www.boxofficemojo.com/releasegroup/gr2955039237/,https://www.boxofficemojo.com/year/world/2020/?sort=rank&sortDir=asc,tt2948372,Soul,Soul,"Adventure,Animation,Comedy",yes,IMDb genres contains Animation,https://datasets.imdbws.com/title.basics.tsv.gz
2020,19,The Call of the Wild,111166669,https://www.boxofficemojo.com/releasegroup/gr725766661/,https://www.boxofficemojo.com/year/world/2020/?sort=rank&sortDir=asc,tt7504726,The Call of the Wild,The Call of the Wild,"Adventure,Drama,Family",no,IMDb genres contains Animation,https://datasets.imdbws.com/title.basics.tsv.gz
2020,20,Caught in Time,80543319,https://www.boxofficemojo.com/releasegroup/gr967070213/,https://www.boxofficemojo.com/year/world/2020/?sort=rank&sortDir=asc,tt9877138,Caught in Time,Chu bao,"Action,Crime,Drama",no,IMDb genres contains Animation,https://datasets.imdbws.com/title.basics.tsv.gz
2021,1,Spider-Man: No Way Home,1910982770,https://www.boxofficemojo.com/releasegroup/gr3957150213/,https://www.boxofficemojo.com/year/world/2021/?sort=rank&sortDir=asc,tt10872600,Spider-Man: No Way Home,Spider-Man: No Way Home,"Action,Adventure,Fantasy",no,IMDb genres contains Animation,https://datasets.imdbws.com/title.basics.tsv.gz
2021,2,The Battle at Lake Changjin,902548476,https://www.boxofficemojo.com/releasegroup/gr3283177989/,https://www.boxofficemojo.com/year/world/2021/?sort=rank&sortDir=asc,tt13462900,The Battle at Lake Changjin,Changjin hu,"Action,Drama,History",no,IMDb genres contains Animation,https://datasets.imdbws.com/title.basics.tsv.gz
2021,3,"Hi, Mom",822009764,https://www.boxofficemojo.com/releasegroup/gr565793285/,https://www.boxofficemojo.com/year/world/2021/?sort=rank&sortDir=asc,tt13364790,"Hi, Mom","Ni hao, Li Huanying","Comedy,Drama,Fantasy",no,IMDb genres contains Animation,https://datasets.imdbws.com/title.basics.tsv.gz
2021,4,No Time to Die,774153007,https://www.boxofficemojo.com/releasegroup/gr1812943365/,https://www.boxofficemojo.com/year/world/2021/?sort=rank&sortDir=asc,tt2382320,No Time to Die,No Time to Die,"Action,Adventure,Thriller",no,IMDb genres contains Animation,https://datasets.imdbws.com/title.basics.tsv.gz
2021,5,F9: The Fast Saga,726229501,https://www.boxofficemojo.com/releasegroup/gr1590448645/,https://www.boxofficemojo.com/year/world/2021/?sort=rank&sortDir=asc,tt5433138,F9: The Fast Saga,F9,"Action,Crime,Thriller",no,IMDb genres contains Animation,https://datasets.imdbws.com/title.basics.tsv.gz
2021,6,Detective Chinatown 3,686257563,https://www.boxofficemojo.com/releasegroup/gr2745979397/,https://www.boxofficemojo.com/year/world/2021/?sort=rank&sortDir=asc,tt10370822,Detective Chinatown 3,Tang ren jie tan an 3,"Action,Adventure,Comedy",no,IMDb genres contains Animation,https://datasets.imdbws.com/title.basics.tsv.gz
2021,7,Venom: Let There Be Carnage,506813864,https://www.boxofficemojo.com/releasegroup/gr2560774661/,https://www.boxofficemojo.com/year/world/2021/?sort=rank&sortDir=asc,tt7097896,Venom: Let There Be Carnage,Venom: Let There Be Carnage,"Action,Adventure,Crime",no,IMDb genres contains Animation,https://datasets.imdbws.com/title.basics.tsv.gz
2021,8,Godzilla vs. Kong,470116094,https://www.boxofficemojo.com/releasegroup/gr3306770949/,https://www.boxofficemojo.com/year/world/2021/?sort=rank&sortDir=asc,tt5034838,Godzilla vs. Kong,Godzilla vs. Kong,"Action,Sci-Fi,Thriller",no,IMDb genres contains Animation,https://datasets.imdbws.com/title.basics.tsv.gz
2021,9,Shang-Chi and the Legend of the Ten Rings,432243292,https://www.boxofficemojo.com/releasegroup/gr1414156805/,https://www.boxofficemojo.com/year/world/2021/?sort=rank&sortDir=asc,tt9376612,Shang-Chi and the Legend of the Ten Rings,Shang-Chi and the Legend of the Ten Rings,"Action,Adventure,Fantasy",no,IMDb genres contains Animation,https://datasets.imdbws.com/title.basics.tsv.gz
2021,10,Sing 2,408702234,https://www.boxofficemojo.com/releasegroup/gr3571732997/,https://www.boxofficemojo.com/year/world/2021/?sort=rank&sortDir=asc,tt6467266,Sing 2,Sing 2,"Adventure,Animation,Comedy",yes,IMDb genres contains Animation,https://datasets.imdbws.com/title.basics.tsv.gz
2021,11,Dune: Part One,402127830,https://www.boxofficemojo.com/releasegroup/gr3833549317/,https://www.boxofficemojo.com/year/world/2021/?sort=rank&sortDir=asc,tt1160419,Dune: Part One,Dune: Part One,"Action,Adventure,Drama",no,IMDb genres contains Animation,https://datasets.imdbws.com/title.basics.tsv.gz
2021,12,Eternals,402064899,https://www.boxofficemojo.com/releasegroup/gr1431196165/,https://www.boxofficemojo.com/year/world/2021/?sort=rank&sortDir=asc,tt9032400,Eternals,Eternals,"Action,Adventure,Fantasy",no,IMDb genres contains Animation,https://datasets.imdbws.com/title.basics.tsv.gz
2021,13,Black Widow,379751655,https://www.boxofficemojo.com/releasegroup/gr321081861/,https://www.boxofficemojo.com/year/world/2021/?sort=rank&sortDir=asc,tt3480822,Black Widow,Black Widow,"Action,Adventure,Sci-Fi",no,IMDb genres contains Animation,https://datasets.imdbws.com/title.basics.tsv.gz
2021,14,Free Guy,331526598,https://www.boxofficemojo.com/releasegroup/gr642011653/,https://www.boxofficemojo.com/year/world/2021/?sort=rank&sortDir=asc,tt6264654,Free Guy,Free Guy,"Action,Adventure,Comedy",no,IMDb genres contains Animation,https://datasets.imdbws.com/title.basics.tsv.gz
2021,15,A Quiet Place Part II,297372261,https://www.boxofficemojo.com/releasegroup/gr3159642629/,https://www.boxofficemojo.com/year/world/2021/?sort=rank&sortDir=asc,tt8332922,A Quiet Place Part II,A Quiet Place Part II,"Drama,Horror,Sci-Fi",no,IMDb genres contains Animation,https://datasets.imdbws.com/title.basics.tsv.gz
2021,16,Encanto,256786742,https://www.boxofficemojo.com/releasegroup/gr2581352965/,https://www.boxofficemojo.com/year/world/2021/?sort=rank&sortDir=asc,tt2953050,Encanto,Encanto,"Animation,Comedy,Family",yes,IMDb genres contains Animation,https://datasets.imdbws.com/title.basics.tsv.gz
2021,17,Cruella,233503234,https://www.boxofficemojo.com/releasegroup/gr2221298181/,https://www.boxofficemojo.com/year/world/2021/?sort=rank&sortDir=asc,tt3228774,Cruella,Cruella,"Adventure,Comedy,Crime",no,IMDb genres contains Animation,https://datasets.imdbws.com/title.basics.tsv.gz
2021,18,"My Country, My Parents",221831086,https://www.boxofficemojo.com/releasegroup/gr1488015877/,https://www.boxofficemojo.com/year/world/2021/?sort=rank&sortDir=asc,tt15465312,"My Country, My Parents",Wo he wo de fu bei,Drama,no,IMDb genres contains Animation,https://datasets.imdbws.com/title.basics.tsv.gz
2021,19,Jungle Cruise,220889446,https://www.boxofficemojo.com/releasegroup/gr2841661957/,https://www.boxofficemojo.com/year/world/2021/?sort=rank&sortDir=asc,tt0870154,Jungle Cruise,Jungle Cruise,"Action,Adventure,Comedy",no,IMDb genres contains Animation,https://datasets.imdbws.com/title.basics.tsv.gz
2021,20,The Conjuring: The Devil Made Me Do It,206431050,https://www.boxofficemojo.com/releasegroup/gr3168489989/,https://www.boxofficemojo.com/year/world/2021/?sort=rank&sortDir=asc,tt7069210,The Conjuring: The Devil Made Me Do It,The Conjuring: The Devil Made Me Do It,"Horror,Mystery,Thriller",no,IMDb genres contains Animation,https://datasets.imdbws.com/title.basics.tsv.gz
2022,1,Avatar: The Way of Water,2320631329,https://www.boxofficemojo.com/releasegroup/gr1943818757/,https://www.boxofficemojo.com/year/world/2022/?sort=rank&sortDir=asc,tt1630029,Avatar: The Way of Water,Avatar: The Way of Water,"Action,Adventure,Fantasy",no,IMDb genres contains Animation,https://datasets.imdbws.com/title.basics.tsv.gz
2022,2,Top Gun: Maverick,1495696292,https://www.boxofficemojo.com/releasegroup/gr1928614405/,https://www.boxofficemojo.com/year/world/2022/?sort=rank&sortDir=asc,tt1745960,Top Gun: Maverick,Top Gun: Maverick,"Action,Drama",no,IMDb genres contains Animation,https://datasets.imdbws.com/title.basics.tsv.gz
2022,3,Jurassic World: Dominion,1001978080,https://www.boxofficemojo.com/releasegroup/gr1700221445/,https://www.boxofficemojo.com/year/world/2022/?sort=rank&sortDir=asc,tt8041270,Jurassic World: Dominion,Jurassic World: Dominion,"Action,Adventure,Sci-Fi",no,IMDb genres contains Animation,https://datasets.imdbws.com/title.basics.tsv.gz
2022,4,Doctor Strange in the Multiverse of Madness,955775804,https://www.boxofficemojo.com/releasegroup/gr535450117/,https://www.boxofficemojo.com/year/world/2022/?sort=rank&sortDir=asc,tt9419884,Doctor Strange in the Multiverse of Madness,Doctor Strange in the Multiverse of Madness,"Action,Adventure,Fantasy",no,IMDb genres contains Animation,https://datasets.imdbws.com/title.basics.tsv.gz
2022,5,Minions: The Rise of Gru,940482695,https://www.boxofficemojo.com/releasegroup/gr101863941/,https://www.boxofficemojo.com/year/world/2022/?sort=rank&sortDir=asc,tt5113044,Minions: The Rise of Gru,Minions: The Rise of Gru,"Adventure,Animation,Comedy",yes,IMDb genres contains Animation,https://datasets.imdbws.com/title.basics.tsv.gz
2022,6,Black Panther: Wakanda Forever,859208836,https://www.boxofficemojo.com/releasegroup/gr1340101125/,https://www.boxofficemojo.com/year/world/2022/?sort=rank&sortDir=asc,tt9114286,Black Panther: Wakanda Forever,Black Panther: Wakanda Forever,"Action,Adventure,Drama",no,IMDb genres contains Animation,https://datasets.imdbws.com/title.basics.tsv.gz
2022,7,The Batman,772245583,https://www.boxofficemojo.com/releasegroup/gr2204258821/,https://www.boxofficemojo.com/year/world/2022/?sort=rank&sortDir=asc,tt1877830,The Batman,The Batman,"Action,Crime,Drama",no,IMDb genres contains Animation,https://datasets.imdbws.com/title.basics.tsv.gz
2022,8,Thor: Love and Thunder,760928081,https://www.boxofficemojo.com/releasegroup/gr4235022853/,https://www.boxofficemojo.com/year/world/2022/?sort=rank&sortDir=asc,tt10648342,Thor: Love and Thunder,Thor: Love and Thunder,"Action,Adventure,Comedy",no,IMDb genres contains Animation,https://datasets.imdbws.com/title.basics.tsv.gz
2022,9,Water Gate Bridge,626571697,https://www.boxofficemojo.com/releasegroup/gr1505055237/,https://www.boxofficemojo.com/year/world/2022/?sort=rank&sortDir=asc,tt16194408,Water Gate Bridge,Chang jin hu: Shui men qiao,"Action,Drama,History",no,IMDb genres contains Animation,https://datasets.imdbws.com/title.basics.tsv.gz
2022,10,Puss in Boots: The Last Wish,480466413,https://www.boxofficemojo.com/releasegroup/gr3300413957/,https://www.boxofficemojo.com/year/world/2022/?sort=rank&sortDir=asc,tt3915174,Puss in Boots: The Last Wish,Puss in Boots: The Last Wish,"Action,Adventure,Animation",yes,IMDb genres contains Animation,https://datasets.imdbws.com/title.basics.tsv.gz
2022,11,Moon Man,460237662,https://www.boxofficemojo.com/releasegroup/gr915165701/,https://www.boxofficemojo.com/year/world/2022/?sort=rank&sortDir=asc,tt14557302,Moon Man,Du xing yue qiu,"Comedy,Sci-Fi",no,IMDb genres contains Animation,https://datasets.imdbws.com/title.basics.tsv.gz
2022,12,Fantastic Beasts: The Secrets of Dumbledore,407150844,https://www.boxofficemojo.com/releasegroup/gr1221480965/,https://www.boxofficemojo.com/year/world/2022/?sort=rank&sortDir=asc,tt4123432,Fantastic Beasts: The Secrets of Dumbledore,Fantastic Beasts: The Secrets of Dumbledore,"Adventure,Fantasy",no,IMDb genres contains Animation,https://datasets.imdbws.com/title.basics.tsv.gz
2022,13,Uncharted,407141258,https://www.boxofficemojo.com/releasegroup/gr3224261125/,https://www.boxofficemojo.com/year/world/2022/?sort=rank&sortDir=asc,tt1464335,Uncharted,Uncharted,"Action,Adventure",no,IMDb genres contains Animation,https://datasets.imdbws.com/title.basics.tsv.gz
2022,14,Sonic the Hedgehog 2,405421518,https://www.boxofficemojo.com/releasegroup/gr614552069/,https://www.boxofficemojo.com/year/world/2022/?sort=rank&sortDir=asc,tt12412888,Sonic the Hedgehog 2,Sonic the Hedgehog 2,"Action,Adventure,Comedy",no,IMDb genres contains Animation,https://datasets.imdbws.com/title.basics.tsv.gz
2022,15,Black Adam,393452111,https://www.boxofficemojo.com/releasegroup/gr800018949/,https://www.boxofficemojo.com/year/world/2022/?sort=rank&sortDir=asc,tt6443346,Black Adam,Black Adam,"Action,Adventure,Fantasy",no,IMDb genres contains Animation,https://datasets.imdbws.com/title.basics.tsv.gz
2022,16,Elvis,287740048,https://www.boxofficemojo.com/releasegroup/gr4112339461/,https://www.boxofficemojo.com/year/world/2022/?sort=rank&sortDir=asc,tt3704428,Elvis,Elvis,"Biography,Drama,Music",no,IMDb genres contains Animation,https://datasets.imdbws.com/title.basics.tsv.gz
2022,17,The Bad Guys,250387888,https://www.boxofficemojo.com/releasegroup/gr636375557/,https://www.boxofficemojo.com/year/world/2022/?sort=rank&sortDir=asc,tt8115900,The Bad Guys,The Bad Guys,"Adventure,Animation,Comedy",yes,IMDb genres contains Animation,https://datasets.imdbws.com/title.basics.tsv.gz
2022,18,The First Slam Dunk,246868956,https://www.boxofficemojo.com/releasegroup/gr512184837/,https://www.boxofficemojo.com/year/world/2022/?sort=rank&sortDir=asc,tt15242330,The First Slam Dunk,Za Fâsuto Suramu Danku,"Animation,Comedy,Drama",yes,IMDb genres contains Animation,https://datasets.imdbws.com/title.basics.tsv.gz
2022,19,Bullet Train,239268602,https://www.boxofficemojo.com/releasegroup/gr2109559301/,https://www.boxofficemojo.com/year/world/2022/?sort=rank&sortDir=asc,tt12593682,Bullet Train,Bullet Train,"Action,Comedy,Thriller",no,IMDb genres contains Animation,https://datasets.imdbws.com/title.basics.tsv.gz
2022,20,Lightyear,226425420,https://www.boxofficemojo.com/releasegroup/gr800805381/,https://www.boxofficemojo.com/year/world/2022/?sort=rank&sortDir=asc,tt10298810,Lightyear,Lightyear,"Action,Adventure,Animation",yes,IMDb genres contains Animation,https://datasets.imdbws.com/title.basics.tsv.gz
2023,1,Barbie,1447138421,https://www.boxofficemojo.com/releasegroup/gr629756421/,https://www.boxofficemojo.com/year/world/2023/?sort=rank&sortDir=asc,tt1517268,Barbie,Barbie,"Adventure,Comedy,Fantasy",no,IMDb genres contains Animation,https://datasets.imdbws.com/title.basics.tsv.gz
2023,2,The Super Mario Bros. Movie,1360783214,https://www.boxofficemojo.com/releasegroup/gr2226213381/,https://www.boxofficemojo.com/year/world/2023/?sort=rank&sortDir=asc,tt6718170,The Super Mario Bros. Movie,The Super Mario Bros. Movie,"Adventure,Animation,Comedy",yes,IMDb genres contains Animation,https://datasets.imdbws.com/title.basics.tsv.gz
2023,3,Oppenheimer,975811333,https://www.boxofficemojo.com/releasegroup/gr531714565/,https://www.boxofficemojo.com/year/world/2023/?sort=rank&sortDir=asc,tt15398776,Oppenheimer,Oppenheimer,"Biography,Drama,History",no,IMDb genres contains Animation,https://datasets.imdbws.com/title.basics.tsv.gz
2023,4,Guardians of the Galaxy Vol. 3,845555777,https://www.boxofficemojo.com/releasegroup/gr1455378949/,https://www.boxofficemojo.com/year/world/2023/?sort=rank&sortDir=asc,tt6791350,Guardians of the Galaxy Vol. 3,Guardians of the Galaxy Vol. 3,"Action,Adventure,Comedy",no,IMDb genres contains Animation,https://datasets.imdbws.com/title.basics.tsv.gz
2023,5,Fast X,704875015,https://www.boxofficemojo.com/releasegroup/gr1410486789/,https://www.boxofficemojo.com/year/world/2023/?sort=rank&sortDir=asc,tt5433140,Fast X,Fast X,"Action,Adventure,Crime",no,IMDb genres contains Animation,https://datasets.imdbws.com/title.basics.tsv.gz
2023,6,Spider-Man: Across the Spider-Verse,690542303,https://www.boxofficemojo.com/releasegroup/gr3501150725/,https://www.boxofficemojo.com/year/world/2023/?sort=rank&sortDir=asc,tt9362722,Spider-Man: Across the Spider-Verse,Spider-Man: Across the Spider-Verse,"Action,Adventure,Animation",yes,IMDb genres contains Animation,https://datasets.imdbws.com/title.basics.tsv.gz
2023,7,Full River Red,670491959,https://www.boxofficemojo.com/releasegroup/gr2694533637/,https://www.boxofficemojo.com/year/world/2023/?sort=rank&sortDir=asc,tt21148018,Full River Red,Manjianghong,"Comedy,Drama,History",no,IMDb genres contains Animation,https://datasets.imdbws.com/title.basics.tsv.gz
2023,8,Wonka,634502312,https://www.boxofficemojo.com/releasegroup/gr851071493/,https://www.boxofficemojo.com/year/world/2023/?sort=rank&sortDir=asc,tt6166392,Wonka,Wonka,"Adventure,Comedy,Family",no,IMDb genres contains Animation,https://datasets.imdbws.com/title.basics.tsv.gz
2023,9,The Wandering Earth II,615023132,https://www.boxofficemojo.com/releasegroup/gr25580037/,https://www.boxofficemojo.com/year/world/2023/?sort=rank&sortDir=asc,tt13539646,The Wandering Earth II,Liú Làng Dì Qiú 2,"Action,Adventure,Drama",no,IMDb genres contains Animation,https://datasets.imdbws.com/title.basics.tsv.gz
2023,10,Mission: Impossible - Dead Reckoning Part One,571125435,https://www.boxofficemojo.com/releasegroup/gr2916700677/,https://www.boxofficemojo.com/year/world/2023/?sort=rank&sortDir=asc,tt9603212,Mission: Impossible - Dead Reckoning Part One,Mission: Impossible - Dead Reckoning Part One,"Action,Adventure,Thriller",no,IMDb genres contains Animation,https://datasets.imdbws.com/title.basics.tsv.gz
2023,11,The Little Mermaid,569626289,https://www.boxofficemojo.com/releasegroup/gr951210501/,https://www.boxofficemojo.com/year/world/2023/?sort=rank&sortDir=asc,tt5971474,The Little Mermaid,The Little Mermaid,"Adventure,Family,Fantasy",no,IMDb genres contains Animation,https://datasets.imdbws.com/title.basics.tsv.gz
2023,12,No More Bets,532600264,https://www.boxofficemojo.com/releasegroup/gr3332133381/,https://www.boxofficemojo.com/year/world/2023/?sort=rank&sortDir=asc,tt28076784,No More Bets,Gu zhu yi zhi,"Crime,Drama",no,IMDb genres contains Animation,https://datasets.imdbws.com/title.basics.tsv.gz
2023,13,Elemental,496444308,https://www.boxofficemojo.com/releasegroup/gr1501975045/,https://www.boxofficemojo.com/year/world/2023/?sort=rank&sortDir=asc,tt15789038,Elemental,Elemental,"Adventure,Animation,Comedy",yes,IMDb genres contains Animation,https://datasets.imdbws.com/title.basics.tsv.gz
2023,14,Lost in the Stars,487637474,https://www.boxofficemojo.com/releasegroup/gr1771983365/,https://www.boxofficemojo.com/year/world/2023/?sort=rank&sortDir=asc,tt17507018,Lost in the Stars,Xiao shi de ta,"Crime,Drama,Mystery",no,IMDb genres contains Animation,https://datasets.imdbws.com/title.basics.tsv.gz
2023,15,Ant-Man and the Wasp: Quantumania,476071180,https://www.boxofficemojo.com/releasegroup/gr1371492869/,https://www.boxofficemojo.com/year/world/2023/?sort=rank&sortDir=asc,tt10954600,Ant-Man and the Wasp: Quantumania,Ant-Man and the Wasp: Quantumania,"Action,Adventure,Comedy",no,IMDb genres contains Animation,https://datasets.imdbws.com/title.basics.tsv.gz
2023,16,John Wick: Chapter 4,447142521,https://www.boxofficemojo.com/releasegroup/gr1684427269/,https://www.boxofficemojo.com/year/world/2023/?sort=rank&sortDir=asc,tt10366206,John Wick: Chapter 4,John Wick: Chapter 4,"Action,Crime,Thriller",no,IMDb genres contains Animation,https://datasets.imdbws.com/title.basics.tsv.gz
2023,17,Transformers: Rise of the Beasts,441656550,https://www.boxofficemojo.com/releasegroup/gr2443334149/,https://www.boxofficemojo.com/year/world/2023/?sort=rank&sortDir=asc,tt5090568,Transformers: Rise of the Beasts,Transformers: Rise of the Beasts,"Action,Adventure,Sci-Fi",no,IMDb genres contains Animation,https://datasets.imdbws.com/title.basics.tsv.gz
2023,18,Aquaman and the Lost Kingdom,440181226,https://www.boxofficemojo.com/releasegroup/gr1898140165/,https://www.boxofficemojo.com/year/world/2023/?sort=rank&sortDir=asc,tt9663764,Aquaman and the Lost Kingdom,Aquaman and the Lost Kingdom,"Action,Adventure,Fantasy",no,IMDb genres contains Animation,https://datasets.imdbws.com/title.basics.tsv.gz
2023,19,Meg 2: The Trench,398500317,https://www.boxofficemojo.com/releasegroup/gr864768517/,https://www.boxofficemojo.com/year/world/2023/?sort=rank&sortDir=asc,tt9224104,Meg 2: The Trench,Meg 2: The Trench,"Action,Adventure,Horror",no,IMDb genres contains Animation,https://datasets.imdbws.com/title.basics.tsv.gz
2023,20,Indiana Jones and the Dial of Destiny,383963057,https://www.boxofficemojo.com/releasegroup/gr152719877/,https://www.boxofficemojo.com/year/world/2023/?sort=rank&sortDir=asc,tt1462764,Indiana Jones and the Dial of Destiny,Indiana Jones and the Dial of Destiny,"Action,Adventure,Sci-Fi",no,IMDb genres contains Animation,https://datasets.imdbws.com/title.basics.tsv.gz
2024,1,Inside Out 2,1698863816,https://www.boxofficemojo.com/releasegroup/gr2474856965/,https://www.boxofficemojo.com/year/world/2024/?sort=rank&sortDir=asc,tt22022452,Inside Out 2,Inside Out 2,"Adventure,Animation,Comedy",yes,IMDb genres contains Animation,https://datasets.imdbws.com/title.basics.tsv.gz
2024,2,Deadpool & Wolverine,1338073645,https://www.boxofficemojo.com/releasegroup/gr1015239173/,https://www.boxofficemojo.com/year/world/2024/?sort=rank&sortDir=asc,tt6263850,Deadpool & Wolverine,Deadpool & Wolverine,"Action,Adventure,Comedy",no,IMDb genres contains Animation,https://datasets.imdbws.com/title.basics.tsv.gz
2024,3,Moana 2,1059242164,https://www.boxofficemojo.com/releasegroup/gr3446166277/,https://www.boxofficemojo.com/year/world/2024/?sort=rank&sortDir=asc,tt13622970,Moana 2,Moana 2,"Adventure,Animation,Comedy",yes,IMDb genres contains Animation,https://datasets.imdbws.com/title.basics.tsv.gz
2024,4,Despicable Me 4,972021410,https://www.boxofficemojo.com/releasegroup/gr1052004869/,https://www.boxofficemojo.com/year/world/2024/?sort=rank&sortDir=asc,tt7510222,Despicable Me 4,Despicable Me 4,"Adventure,Animation,Comedy",yes,IMDb genres contains Animation,https://datasets.imdbws.com/title.basics.tsv.gz
2024,5,Wicked,763963597,https://www.boxofficemojo.com/releasegroup/gr2907984389/,https://www.boxofficemojo.com/year/world/2024/?sort=rank&sortDir=asc,tt1262426,Wicked,Wicked,"Fantasy,Musical,Romance",no,IMDb genres contains Animation,https://datasets.imdbws.com/title.basics.tsv.gz
2024,6,Mufasa: The Lion King,722631756,https://www.boxofficemojo.com/releasegroup/gr816992773/,https://www.boxofficemojo.com/year/world/2024/?sort=rank&sortDir=asc,tt13186482,Mufasa: The Lion King,Mufasa: The Lion King,"Adventure,Animation,Drama",yes,IMDb genres contains Animation,https://datasets.imdbws.com/title.basics.tsv.gz
2024,7,Dune: Part Two,714844358,https://www.boxofficemojo.com/releasegroup/gr2058375685/,https://www.boxofficemojo.com/year/world/2024/?sort=rank&sortDir=asc,tt15239678,Dune: Part Two,Dune: Part Two,"Action,Adventure,Drama",no,IMDb genres contains Animation,https://datasets.imdbws.com/title.basics.tsv.gz
2024,8,Godzilla X Kong: The New Empire,572050016,https://www.boxofficemojo.com/releasegroup/gr2995671557/,https://www.boxofficemojo.com/year/world/2024/?sort=rank&sortDir=asc,tt14539740,Godzilla X Kong: The New Empire,Godzilla x Kong: The New Empire,"Action,Adventure,Fantasy",no,IMDb genres contains Animation,https://datasets.imdbws.com/title.basics.tsv.gz
2024,9,Kung Fu Panda 4,547946428,https://www.boxofficemojo.com/releasegroup/gr361583109/,https://www.boxofficemojo.com/year/world/2024/?sort=rank&sortDir=asc,tt21692408,Kung Fu Panda 4,Kung Fu Panda 4,"Action,Adventure,Animation",yes,IMDb genres contains Animation,https://datasets.imdbws.com/title.basics.tsv.gz
2024,10,Sonic the Hedgehog 3,492162604,https://www.boxofficemojo.com/releasegroup/gr596464133/,https://www.boxofficemojo.com/year/world/2024/?sort=rank&sortDir=asc,tt18259086,Sonic the Hedgehog 3,Sonic the Hedgehog 3,"Action,Adventure,Comedy",no,IMDb genres contains Animation,https://datasets.imdbws.com/title.basics.tsv.gz
2024,11,Venom: The Last Dance,478937618,https://www.boxofficemojo.com/releasegroup/gr1622168069/,https://www.boxofficemojo.com/year/world/2024/?sort=rank&sortDir=asc,tt16366836,Venom: The Last Dance,Venom: The Last Dance,"Action,Fantasy,Horror",no,IMDb genres contains Animation,https://datasets.imdbws.com/title.basics.tsv.gz
2024,12,Gladiator II,462180717,https://www.boxofficemojo.com/releasegroup/gr293949957/,https://www.boxofficemojo.com/year/world/2024/?sort=rank&sortDir=asc,tt9218128,Gladiator II,Gladiator II,"Adventure,Drama",no,IMDb genres contains Animation,https://datasets.imdbws.com/title.basics.tsv.gz
2024,13,Beetlejuice Beetlejuice,452000435,https://www.boxofficemojo.com/releasegroup/gr3784856069/,https://www.boxofficemojo.com/year/world/2024/?sort=rank&sortDir=asc,tt2049403,Beetlejuice Beetlejuice,Beetlejuice Beetlejuice,"Comedy,Fantasy,Horror",no,IMDb genres contains Animation,https://datasets.imdbws.com/title.basics.tsv.gz
2024,14,Yolo,433606094,https://www.boxofficemojo.com/releasegroup/gr1905545733/,https://www.boxofficemojo.com/year/world/2024/?sort=rank&sortDir=asc,tt28151876,Yolo,Re la gun tang,"Action,Comedy,Drama",no,IMDb genres contains Animation,https://datasets.imdbws.com/title.basics.tsv.gz
2024,15,Pegasus 2,422878491,https://www.boxofficemojo.com/releasegroup/gr2677363205/,https://www.boxofficemojo.com/year/world/2024/?sort=rank&sortDir=asc,tt30829309,Pegasus 2,Fei chi ren sheng 2,"Comedy,Drama,Sport",no,IMDb genres contains Animation,https://datasets.imdbws.com/title.basics.tsv.gz
2024,16,Successor,422307398,https://www.boxofficemojo.com/releasegroup/gr2657112837/,https://www.boxofficemojo.com/year/world/2024/?sort=rank&sortDir=asc,tt32613601,Successor,Zhua wa wa,"Comedy,Drama",no,IMDb genres contains Animation,https://datasets.imdbws.com/title.basics.tsv.gz
2024,17,Bad Boys: Ride or Die,404550184,https://www.boxofficemojo.com/releasegroup/gr127816197/,https://www.boxofficemojo.com/year/world/2024/?sort=rank&sortDir=asc,tt4919268,Bad Boys: Ride or Die,Bad Boys: Ride or Die,"Action,Adventure,Comedy",no,IMDb genres contains Animation,https://datasets.imdbws.com/title.basics.tsv.gz
2024,18,Kingdom of the Planet of the Apes,397378150,https://www.boxofficemojo.com/releasegroup/gr850547205/,https://www.boxofficemojo.com/year/world/2024/?sort=rank&sortDir=asc,tt11389872,Kingdom of the Planet of the Apes,Kingdom of the Planet of the Apes,"Action,Adventure,Drama",no,IMDb genres contains Animation,https://datasets.imdbws.com/title.basics.tsv.gz
2024,19,Twisters,372262265,https://www.boxofficemojo.com/releasegroup/gr3179696645/,https://www.boxofficemojo.com/year/world/2024/?sort=rank&sortDir=asc,tt12584954,Twisters,Twisters,"Action,Adventure,Thriller",no,IMDb genres contains Animation,https://datasets.imdbws.com/title.basics.tsv.gz
2024,20,It Ends with Us,351441044,https://www.boxofficemojo.com/releasegroup/gr2879279621/,https://www.boxofficemojo.com/year/world/2024/?sort=rank&sortDir=asc,tt10655524,It Ends with Us,It Ends with Us,"Drama,Romance",no,IMDb genres contains Animation,https://datasets.imdbws.com/title.basics.tsv.gz
2025,1,Ne Zha 2,2267446370,https://www.boxofficemojo.com/releasegroup/gr2405716741/,https://www.boxofficemojo.com/year/world/2025/?sort=rank&sortDir=asc,tt34956443,Ne Zha 2,Nezha: Mo tong nao hai,"Action,Adventure,Animation",yes,IMDb genres contains Animation,https://datasets.imdbws.com/title.basics.tsv.gz
2025,2,Zootopia 2,1866647950,https://www.boxofficemojo.com/releasegroup/gr2845135365/,https://www.boxofficemojo.com/year/world/2025/?sort=rank&sortDir=asc,tt26443597,Zootopia 2,Zootopia 2,"Adventure,Animation,Comedy",yes,IMDb genres contains Animation,https://datasets.imdbws.com/title.basics.tsv.gz
2025,3,Avatar: Fire and Ash,1485999890,https://www.boxofficemojo.com/releasegroup/gr2771014149/,https://www.boxofficemojo.com/year/world/2025/?sort=rank&sortDir=asc,tt1757678,Avatar: Fire and Ash,Avatar: Fire and Ash,"Action,Adventure,Drama",no,IMDb genres contains Animation,https://datasets.imdbws.com/title.basics.tsv.gz
2025,4,Lilo & Stitch,1038027526,https://www.boxofficemojo.com/releasegroup/gr1868714757/,https://www.boxofficemojo.com/year/world/2025/?sort=rank&sortDir=asc,tt11655566,Lilo & Stitch,Lilo & Stitch,"Action,Adventure,Comedy",no,IMDb genres contains Animation,https://datasets.imdbws.com/title.basics.tsv.gz
2025,5,A Minecraft Movie,960387780,https://www.boxofficemojo.com/releasegroup/gr1926910469/,https://www.boxofficemojo.com/year/world/2025/?sort=rank&sortDir=asc,tt3566834,A Minecraft Movie,A Minecraft Movie,"Action,Adventure,Comedy",no,IMDb genres contains Animation,https://datasets.imdbws.com/title.basics.tsv.gz
2025,6,Jurassic World: Rebirth,869146189,https://www.boxofficemojo.com/releasegroup/gr4002763269/,https://www.boxofficemojo.com/year/world/2025/?sort=rank&sortDir=asc,tt31036941,Jurassic World: Rebirth,Jurassic World: Rebirth,"Action,Adventure,Sci-Fi",no,IMDb genres contains Animation,https://datasets.imdbws.com/title.basics.tsv.gz
2025,7,Demon Slayer: Kimetsu No Yaiba Infinity Castle,793498985,https://www.boxofficemojo.com/releasegroup/gr342119173/,https://www.boxofficemojo.com/year/world/2025/?sort=rank&sortDir=asc,tt32820897,Demon Slayer: Kimetsu No Yaiba Infinity Castle,Gekijô-ban Kimetsu no Yaiba Mugen Jô-hen,"Action,Adventure,Animation",yes,IMDb genres contains Animation,https://datasets.imdbws.com/title.basics.tsv.gz
2025,8,How to Train Your Dragon,636596299,https://www.boxofficemojo.com/releasegroup/gr2474922501/,https://www.boxofficemojo.com/year/world/2025/?sort=rank&sortDir=asc,tt26743210,How to Train Your Dragon,How to Train Your Dragon,"Action,Adventure,Comedy",no,IMDb genres contains Animation,https://datasets.imdbws.com/title.basics.tsv.gz
2025,9,F1: The Movie,634142436,https://www.boxofficemojo.com/releasegroup/gr4100936453/,https://www.boxofficemojo.com/year/world/2025/?sort=rank&sortDir=asc,tt16311594,F1: The Movie,F1,"Drama,Sport",no,IMDb genres contains Animation,https://datasets.imdbws.com/title.basics.tsv.gz
2025,10,Superman,618723803,https://www.boxofficemojo.com/releasegroup/gr746934789/,https://www.boxofficemojo.com/year/world/2025/?sort=rank&sortDir=asc,tt5950044,Superman,Superman,"Action,Adventure,Sci-Fi",no,IMDb genres contains Animation,https://datasets.imdbws.com/title.basics.tsv.gz
2025,11,Mission: Impossible - The Final Reckoning,598767057,https://www.boxofficemojo.com/releasegroup/gr1885491717/,https://www.boxofficemojo.com/year/world/2025/?sort=rank&sortDir=asc,tt9603208,Mission: Impossible - The Final Reckoning,Mission: Impossible - The Final Reckoning,"Action,Adventure,Thriller",no,IMDb genres contains Animation,https://datasets.imdbws.com/title.basics.tsv.gz
2025,12,Wicked: For Good,540807971,https://www.boxofficemojo.com/releasegroup/gr1233736197/,https://www.boxofficemojo.com/year/world/2025/?sort=rank&sortDir=asc,tt19847976,Wicked: For Good,Wicked: For Good,"Drama,Family,Fantasy",no,IMDb genres contains Animation,https://datasets.imdbws.com/title.basics.tsv.gz
2025,13,The Fantastic Four: First Steps,521858728,https://www.boxofficemojo.com/releasegroup/gr2727170565/,https://www.boxofficemojo.com/year/world/2025/?sort=rank&sortDir=asc,tt10676052,The Fantastic Four: First Steps,The Fantastic Four: First Steps,"Action,Adventure,Sci-Fi",no,IMDb genres contains Animation,https://datasets.imdbws.com/title.basics.tsv.gz
2025,14,Detective Chinatown 1900,500282092,https://www.boxofficemojo.com/releasegroup/gr258298629/,https://www.boxofficemojo.com/year/world/2025/?sort=rank&sortDir=asc,tt34463310,Detective Chinatown 1900,Tang tan 1900,"Comedy,Drama,Mystery",no,IMDb genres contains Animation,https://datasets.imdbws.com/title.basics.tsv.gz
2025,15,The Conjuring: Last Rites,499256445,https://www.boxofficemojo.com/releasegroup/gr3044233989/,https://www.boxofficemojo.com/year/world/2025/?sort=rank&sortDir=asc,tt22898462,The Conjuring: Last Rites,The Conjuring: Last Rites,"Horror,Mystery,Thriller",no,IMDb genres contains Animation,https://datasets.imdbws.com/title.basics.tsv.gz
2025,16,Dead to Rights,422789550,https://www.boxofficemojo.com/releasegroup/gr3229373189/,https://www.boxofficemojo.com/year/world/2025/?sort=rank&sortDir=asc,tt36598036,Dead to Rights,Nan Jing zhao xiang guan,"Drama,History,War",no,IMDb genres contains Animation,https://datasets.imdbws.com/title.basics.tsv.gz
2025,17,Captain America: Brave New World,415101577,https://www.boxofficemojo.com/releasegroup/gr2894942725/,https://www.boxofficemojo.com/year/world/2025/?sort=rank&sortDir=asc,tt14513804,Captain America: Brave New World,Captain America: Brave New World,"Action,Adventure,Sci-Fi",no,IMDb genres contains Animation,https://datasets.imdbws.com/title.basics.tsv.gz
2025,18,The Housemaid,400530884,https://www.boxofficemojo.com/releasegroup/gr3966128901/,https://www.boxofficemojo.com/year/world/2025/?sort=rank&sortDir=asc,tt27543632,The Housemaid,The Housemaid,"Drama,Mystery,Thriller",no,IMDb genres contains Animation,https://datasets.imdbws.com/title.basics.tsv.gz
2025,19,Thunderbolts*,382436917,https://www.boxofficemojo.com/releasegroup/gr2911719941/,https://www.boxofficemojo.com/year/world/2025/?sort=rank&sortDir=asc,tt20969586,Thunderbolts*,Thunderbolts*,"Action,Adventure,Crime",no,IMDb genres contains Animation,https://datasets.imdbws.com/title.basics.tsv.gz
2025,20,Sinners,370289632,https://www.boxofficemojo.com/releasegroup/gr3429585669/,https://www.boxofficemojo.com/year/world/2025/?sort=rank&sortDir=asc,tt31193180,Sinners,Sinners,Horror,no,IMDb genres contains Animation,https://datasets.imdbws.com/title.basics.tsv.gz
