year,annual_rank,title,worldwide_gross_usd,share_of_annual_top20_gross,is_animated,film_type,imdb_id,imdb_primary_title,imdb_original_title,imdb_genres,animation_classification_rule,classification_review_note,animation_classification_source_url,boxofficemojo_release_group_url,annual_ranking_source_url,wikidata_qid,wikidata_url,production_companies,countries,data_retrieved
2016,1,Captain America: Civil War,1153296293,0.07893448742812027,no,Non-animated,tt3498820,Captain America: Civil War,Captain America: Civil War,"Action,Sci-Fi",IMDb genres contains Animation,,https://datasets.imdbws.com/title.basics.tsv.gz,https://www.boxofficemojo.com/releasegroup/gr2136297989/,https://www.boxofficemojo.com/year/world/2016/?sort=rank&sortDir=asc,Q18407657,http://www.wikidata.org/entity/Q18407657,Marvel Studios,United States,2026-07-23
2016,2,Rogue One: A Star Wars Story,1056057273,0.07227920530478414,no,Non-animated,tt3748528,Rogue One: A Star Wars Story,Rogue One,"Action,Adventure,Sci-Fi",IMDb genres contains Animation,,https://datasets.imdbws.com/title.basics.tsv.gz,https://www.boxofficemojo.com/releasegroup/gr384520709/,https://www.boxofficemojo.com/year/world/2016/?sort=rank&sortDir=asc,Q19590955,http://www.wikidata.org/entity/Q19590955,Lucasfilm,United States,2026-07-23
2016,3,Finding Dory,1028570889,0.07039796832738193,yes,Animated,tt2277860,Finding Dory,Finding Dory,"Adventure,Animation,Comedy",IMDb genres contains Animation,,https://datasets.imdbws.com/title.basics.tsv.gz,https://www.boxofficemojo.com/releasegroup/gr1869238789/,https://www.boxofficemojo.com/year/world/2016/?sort=rank&sortDir=asc,Q9321426,http://www.wikidata.org/entity/Q9321426,Pixar | Walt Disney Pictures,United States,2026-07-23
2016,4,Zootopia,1023784195,0.07007035499882226,yes,Animated,tt2948356,Zootopia,Zootopia,"Action,Adventure,Animation",IMDb genres contains Animation,,https://datasets.imdbws.com/title.basics.tsv.gz,https://www.boxofficemojo.com/releasegroup/gr1680691717/,https://www.boxofficemojo.com/year/world/2016/?sort=rank&sortDir=asc,Q15270647,http://www.wikidata.org/entity/Q15270647,Walt Disney Pictures | Q1047410,United States,2026-07-23
2016,5,The Jungle Book,966550600,0.06615314438051532,yes,Animated,tt3040964,The Jungle Book,The Jungle Book,"Action,Adventure,Animation",IMDb genres contains Animation,IMDb genres includes Animation; retained as animated under the stated reproducible rule despite live-action/hybrid elements.,https://datasets.imdbws.com/title.basics.tsv.gz,https://www.boxofficemojo.com/releasegroup/gr1103385093/,https://www.boxofficemojo.com/year/world/2016/?sort=rank&sortDir=asc,Q16857406,http://www.wikidata.org/entity/Q16857406,Walt Disney Pictures | Shepperton Studios | Disney Character Voices International | Fairview Entertainment | SDI Media Iberia,United States,2026-07-23
2016,6,The Secret Life of Pets,875697467,0.05993492836081479,yes,Animated,tt2709768,The Secret Life of Pets,The Secret Life of Pets,"Adventure,Animation,Comedy",IMDb genres contains Animation,,https://datasets.imdbws.com/title.basics.tsv.gz,https://www.boxofficemojo.com/releasegroup/gr4228141573/,https://www.boxofficemojo.com/year/world/2016/?sort=rank&sortDir=asc,Q18844656,http://www.wikidata.org/entity/Q18844656,Illumination,United States,2026-07-23
2016,7,Batman v Superman: Dawn of Justice,874360194,0.05984340204667753,no,Non-animated,tt2975590,Batman v Superman: Dawn of Justice,Batman v Superman: Dawn of Justice,Sci-Fi,IMDb genres contains Animation,,https://datasets.imdbws.com/title.basics.tsv.gz,https://www.boxofficemojo.com/releasegroup/gr4182135301/,https://www.boxofficemojo.com/year/world/2016/?sort=rank&sortDir=asc,Q14772351,http://www.wikidata.org/entity/Q14772351,The Stone Quarry | DC Entertainment | RatPac-Dune Entertainment,United States,2026-07-23
2016,8,Fantastic Beasts and Where to Find Them,816037575,0.05585165589768462,no,Non-animated,tt3183660,Fantastic Beasts and Where to Find Them,Fantastic Beasts and Where to Find Them,"Adventure,Family,Fantasy",IMDb genres contains Animation,,https://datasets.imdbws.com/title.basics.tsv.gz,https://www.boxofficemojo.com/releasegroup/gr3670495749/,https://www.boxofficemojo.com/year/world/2016/?sort=rank&sortDir=asc,Q18199330,http://www.wikidata.org/entity/Q18199330,Warner Bros. Entertainment | Heyday Films | Q65557474,United States | United Kingdom,2026-07-23
2016,9,Deadpool,782612155,0.05356393641849815,no,Non-animated,tt1431045,Deadpool,Deadpool,"Action,Comedy,Sci-Fi",IMDb genres contains Animation,,https://datasets.imdbws.com/title.basics.tsv.gz,https://www.boxofficemojo.com/releasegroup/gr2532200965/,https://www.boxofficemojo.com/year/world/2016/?sort=rank&sortDir=asc,Q19347291,http://www.wikidata.org/entity/Q19347291,Marvel Entertainment | The Donners' Company | TSG Entertainment | Genre Films,United States,2026-07-23
2016,10,Suicide Squad,749200054,0.05127712852503726,no,Non-animated,tt1386697,Suicide Squad,Suicide Squad,"Action,Adventure,Fantasy",IMDb genres contains Animation,,https://datasets.imdbws.com/title.basics.tsv.gz,https://www.boxofficemojo.com/releasegroup/gr457593349/,https://www.boxofficemojo.com/year/world/2016/?sort=rank&sortDir=asc,Q18604504,http://www.wikidata.org/entity/Q18604504,RatPac-Dune Entertainment | DC Studios,United States,2026-07-23
2016,11,Doctor Strange,677718395,0.04638474471358884,no,Non-animated,tt1211837,Doctor Strange,Doctor Strange,"Action,Adventure,Fantasy",IMDb genres contains Animation,,https://datasets.imdbws.com/title.basics.tsv.gz,https://www.boxofficemojo.com/releasegroup/gr2284737029/,https://www.boxofficemojo.com/year/world/2016/?sort=rank&sortDir=asc,Q18406872,http://www.wikidata.org/entity/Q18406872,Marvel Studios,United States,2026-07-23
2016,12,Moana,643331111,0.04403119285266631,yes,Animated,tt3521164,Moana,Moana,"Adventure,Animation,Comedy",IMDb genres contains Animation,,https://datasets.imdbws.com/title.basics.tsv.gz,https://www.boxofficemojo.com/releasegroup/gr1742623237/,https://www.boxofficemojo.com/year/world/2016/?sort=rank&sortDir=asc,Q18647981,http://www.wikidata.org/entity/Q18647981,Walt Disney Pictures | Q1047410,United States,2026-07-23
2016,13,Sing,634151679,0.04340292953109047,yes,Animated,tt3470600,Sing,Sing,"Animation,Comedy,Family",IMDb genres contains Animation,,https://datasets.imdbws.com/title.basics.tsv.gz,https://www.boxofficemojo.com/releasegroup/gr3642970629/,https://www.boxofficemojo.com/year/world/2016/?sort=rank&sortDir=asc,Q20762698,http://www.wikidata.org/entity/Q20762698,Universal Pictures | Illumination,United States,2026-07-23
2016,14,The Mermaid,553810228,0.03790415936039987,no,Non-animated,tt4701660,The Mermaid,Mei ren yu,"Comedy,Drama,Fantasy",IMDb genres contains Animation,,https://datasets.imdbws.com/title.basics.tsv.gz,https://www.boxofficemojo.com/releasegroup/gr719016453/,https://www.boxofficemojo.com/year/world/2016/?sort=rank&sortDir=asc,Q21834546,http://www.wikidata.org/entity/Q21834546,China Film Group Corporation,People's Republic of China | Hong Kong,2026-07-23
2016,15,X-Men: Apocalypse,543934105,0.03722821276149576,no,Non-animated,tt3385516,X-Men: Apocalypse,X-Men: Apocalypse,"Action,Adventure,Sci-Fi",IMDb genres contains Animation,,https://datasets.imdbws.com/title.basics.tsv.gz,https://www.boxofficemojo.com/releasegroup/gr2590724613/,https://www.boxofficemojo.com/year/world/2016/?sort=rank&sortDir=asc,Q17042878,http://www.wikidata.org/entity/Q17042878,20th Century Studios | Bad Hat Harry Productions | Marvel Entertainment | The Donners' Company | TSG Entertainment,United States,2026-07-23
2016,16,Kung Fu Panda 3,521170825,0.03567023685375322,yes,Animated,tt2267968,Kung Fu Panda 3,Kung Fu Panda 3,"Action,Adventure,Animation",IMDb genres contains Animation,,https://datasets.imdbws.com/title.basics.tsv.gz,https://www.boxofficemojo.com/releasegroup/gr4045558277/,https://www.boxofficemojo.com/year/world/2016/?sort=rank&sortDir=asc,Q15055043,http://www.wikidata.org/entity/Q15055043,DreamWorks Animation,United States | People's Republic of China,2026-07-23
2016,17,La La Land,447407695,0.030621703451726757,no,Non-animated,tt3783958,La La Land,La La Land,"Comedy,Drama,Music",IMDb genres contains Animation,,https://datasets.imdbws.com/title.basics.tsv.gz,https://www.boxofficemojo.com/releasegroup/gr2781106693/,https://www.boxofficemojo.com/year/world/2016/?sort=rank&sortDir=asc,Q20856802,http://www.wikidata.org/entity/Q20856802,Starz Entertainment | Summit Entertainment,United States,2026-07-23
2016,18,Warcraft,439048914,0.03004960754041274,no,Non-animated,tt0803096,Warcraft,Warcraft,"Action,Adventure,Fantasy",IMDb genres contains Animation,,https://datasets.imdbws.com/title.basics.tsv.gz,https://www.boxofficemojo.com/releasegroup/gr2367640069/,https://www.boxofficemojo.com/year/world/2016/?sort=rank&sortDir=asc,Q14513321,http://www.wikidata.org/entity/Q14513321,Blizzard Entertainment | Legendary Pictures | Atlas Entertainment | Tencent Pictures,United States | United Kingdom,2026-07-23
2016,19,Jason Bourne,415484914,0.028436828349977742,no,Non-animated,tt4196776,Jason Bourne,Jason Bourne,"Action,Thriller",IMDb genres contains Animation,,https://datasets.imdbws.com/title.basics.tsv.gz,https://www.boxofficemojo.com/releasegroup/gr2385007109/,https://www.boxofficemojo.com/year/world/2016/?sort=rank&sortDir=asc,Q19481099,http://www.wikidata.org/entity/Q19481099,Universal Pictures,United States,2026-07-23
2016,20,Ice Age: Collision Course,408579038,0.027964172896551984,yes,Animated,tt3416828,Ice Age: Collision Course,Ice Age: Collision Course,"Action,Adventure,Animation",IMDb genres contains Animation,,https://datasets.imdbws.com/title.basics.tsv.gz,https://www.boxofficemojo.com/releasegroup/gr307778053/,https://www.boxofficemojo.com/year/world/2016/?sort=rank&sortDir=asc,Q15965953,http://www.wikidata.org/entity/Q15965953,20th Century Animation | Blue Sky Studios,United States,2026-07-23
2017,1,Star Wars: Episode VIII - The Last Jedi,1332539889,0.08109631347106507,no,Non-animated,tt2527336,Star Wars: Episode VIII - The Last Jedi,Star Wars: Episode VIII - The Last Jedi,"Action,Adventure,Fantasy",IMDb genres contains Animation,,https://datasets.imdbws.com/title.basics.tsv.gz,https://www.boxofficemojo.com/releasegroup/gr3764736517/,https://www.boxofficemojo.com/year/world/2017/?sort=rank&sortDir=asc,Q18486021,http://www.wikidata.org/entity/Q18486021,Lucasfilm,United States,2026-07-23
2017,2,Beauty and the Beast,1263521126,0.07689593846853249,no,Non-animated,tt2771200,Beauty and the Beast,Beauty and the Beast,"Adventure,Family,Fantasy",IMDb genres contains Animation,,https://datasets.imdbws.com/title.basics.tsv.gz,https://www.boxofficemojo.com/releasegroup/gr1429688837/,https://www.boxofficemojo.com/year/world/2017/?sort=rank&sortDir=asc,Q19946102,http://www.wikidata.org/entity/Q19946102,Walt Disney Pictures | Mandeville Films,United States,2026-07-23
2017,3,The Fate of the Furious,1236005118,0.07522135684537753,no,Non-animated,tt4630562,The Fate of the Furious,The Fate of the Furious,"Action,Crime,Thriller",IMDb genres contains Animation,,https://datasets.imdbws.com/title.basics.tsv.gz,https://www.boxofficemojo.com/releasegroup/gr38949381/,https://www.boxofficemojo.com/year/world/2017/?sort=rank&sortDir=asc,Q19829521,http://www.wikidata.org/entity/Q19829521,Universal Pictures,United States,2026-07-23
2017,4,Despicable Me 3,1034799409,0.06297628907372758,yes,Animated,tt3469046,Despicable Me 3,Despicable Me 3,"Adventure,Animation,Comedy",IMDb genres contains Animation,,https://datasets.imdbws.com/title.basics.tsv.gz,https://www.boxofficemojo.com/releasegroup/gr1982484997/,https://www.boxofficemojo.com/year/world/2017/?sort=rank&sortDir=asc,Q22997984,http://www.wikidata.org/entity/Q22997984,Illumination,United States,2026-07-23
2017,5,Jumanji: Welcome to the Jungle,962077546,0.05855054914148917,no,Non-animated,tt2283362,Jumanji: Welcome to the Jungle,Jumanji: Welcome to the Jungle,"Action,Adventure,Comedy",IMDb genres contains Animation,,https://datasets.imdbws.com/title.basics.tsv.gz,https://www.boxofficemojo.com/releasegroup/gr2130465285/,https://www.boxofficemojo.com/year/world/2017/?sort=rank&sortDir=asc,Q20762680,http://www.wikidata.org/entity/Q20762680,Columbia Pictures | Radar Pictures,United States,2026-07-23
2017,6,Spider-Man: Homecoming,880166924,0.05356559557037553,no,Non-animated,tt2250912,Spider-Man: Homecoming,Spider-Man: Homecoming,"Action,Adventure,Sci-Fi",IMDb genres contains Animation,,https://datasets.imdbws.com/title.basics.tsv.gz,https://www.boxofficemojo.com/releasegroup/gr65032709/,https://www.boxofficemojo.com/year/world/2017/?sort=rank&sortDir=asc,Q23010088,http://www.wikidata.org/entity/Q23010088,Columbia Pictures | Marvel Studios,United States,2026-07-23
2017,7,Wolf Warrior 2,870325439,0.05296665803824678,no,Non-animated,tt7131870,Wolf Warrior 2,Zhan lang II,"Action,Adventure,Drama",IMDb genres contains Animation,,https://datasets.imdbws.com/title.basics.tsv.gz,https://www.boxofficemojo.com/releasegroup/gr3036500485/,https://www.boxofficemojo.com/year/world/2017/?sort=rank&sortDir=asc,Q27964540,http://www.wikidata.org/entity/Q27964540,,People's Republic of China,2026-07-23
2017,8,Guardians of the Galaxy: Vol. 2,863756051,0.05256685526088988,no,Non-animated,tt3896198,Guardians of the Galaxy: Vol. 2,Guardians of the Galaxy Vol. 2,"Action,Adventure,Comedy",IMDb genres contains Animation,,https://datasets.imdbws.com/title.basics.tsv.gz,https://www.boxofficemojo.com/releasegroup/gr388583941/,https://www.boxofficemojo.com/year/world/2017/?sort=rank&sortDir=asc,Q20001199,http://www.wikidata.org/entity/Q20001199,Marvel Studios,United States,2026-07-23
2017,9,Thor: Ragnarok,853977126,0.05197172503345244,no,Non-animated,tt3501632,Thor: Ragnarok,Thor: Ragnarok,"Action,Adventure,Comedy",IMDb genres contains Animation,,https://datasets.imdbws.com/title.basics.tsv.gz,https://www.boxofficemojo.com/releasegroup/gr197939717/,https://www.boxofficemojo.com/year/world/2017/?sort=rank&sortDir=asc,Q22665878,http://www.wikidata.org/entity/Q22665878,Marvel Studios | Walt Disney Studios Motion Pictures,United States,2026-07-23
2017,10,Wonder Woman,822963408,0.050084278197831886,no,Non-animated,tt0451279,Wonder Woman,Wonder Woman,"Action,Adventure,Fantasy",IMDb genres contains Animation,,https://datasets.imdbws.com/title.basics.tsv.gz,https://www.boxofficemojo.com/releasegroup/gr1207325189/,https://www.boxofficemojo.com/year/world/2017/?sort=rank&sortDir=asc,Q20502242,http://www.wikidata.org/entity/Q20502242,Warner Bros. Entertainment | RatPac-Dune Entertainment | Tencent Pictures | DC Studios,United States,2026-07-23
2017,11,Coco,814641172,0.049577799806447546,yes,Animated,tt2380307,Coco,Coco,"Adventure,Animation,Drama",IMDb genres contains Animation,,https://datasets.imdbws.com/title.basics.tsv.gz,https://www.boxofficemojo.com/releasegroup/gr2402243077/,https://www.boxofficemojo.com/year/world/2017/?sort=rank&sortDir=asc,Q5815826,http://www.wikidata.org/entity/Q5815826,Pixar | Walt Disney Pictures,United States | Mexico,2026-07-23
2017,12,Pirates of the Caribbean: Dead Men Tell No Tales,794861794,0.04837405750065103,no,Non-animated,tt1790809,Pirates of the Caribbean: Dead Men Tell No Tales,Pirates of the Caribbean: Dead Men Tell No Tales,"Action,Adventure,Fantasy",IMDb genres contains Animation,,https://datasets.imdbws.com/title.basics.tsv.gz,https://www.boxofficemojo.com/releasegroup/gr1009078789/,https://www.boxofficemojo.com/year/world/2017/?sort=rank&sortDir=asc,Q10350033,http://www.wikidata.org/entity/Q10350033,The Walt Disney Company | Walt Disney Pictures | Q17305144,United States,2026-07-23
2017,13,It,702781748,0.04277020853786318,no,Non-animated,tt1396484,It,It,Horror,IMDb genres contains Animation,,https://datasets.imdbws.com/title.basics.tsv.gz,https://www.boxofficemojo.com/releasegroup/gr1547719173/,https://www.boxofficemojo.com/year/world/2017/?sort=rank&sortDir=asc,Q25136484,http://www.wikidata.org/entity/Q25136484,New Line Cinema,United States,2026-07-23
2017,14,Justice League,661324295,0.04024717216803039,no,Non-animated,tt0974015,Justice League,Justice League,Sci-Fi,IMDb genres contains Animation,,https://datasets.imdbws.com/title.basics.tsv.gz,https://www.boxofficemojo.com/releasegroup/gr2733527557/,https://www.boxofficemojo.com/year/world/2017/?sort=rank&sortDir=asc,Q20501835,http://www.wikidata.org/entity/Q20501835,The Stone Quarry | DC Studios,United States,2026-07-23
2017,15,Logan,619021436,0.03767268569861539,no,Non-animated,tt3315342,Logan,Logan,"Action,Drama,Sci-Fi",IMDb genres contains Animation,,https://datasets.imdbws.com/title.basics.tsv.gz,https://www.boxofficemojo.com/releasegroup/gr4057092613/,https://www.boxofficemojo.com/year/world/2017/?sort=rank&sortDir=asc,Q24053263,http://www.wikidata.org/entity/Q24053263,20th Century Studios | Marvel Entertainment,United States,2026-07-23
2017,16,Transformers: The Last Knight,605425157,0.0368452372200175,no,Non-animated,tt3371366,Transformers: The Last Knight,Transformers: The Last Knight,"Action,Adventure,Comedy",IMDb genres contains Animation,,https://datasets.imdbws.com/title.basics.tsv.gz,https://www.boxofficemojo.com/releasegroup/gr438653445/,https://www.boxofficemojo.com/year/world/2017/?sort=rank&sortDir=asc,Q24251026,http://www.wikidata.org/entity/Q24251026,Paramount Pictures | DreamWorks,United States,2026-07-23
2017,17,Kong: Skull Island,568652812,0.03460732926558916,no,Non-animated,tt3731562,Kong: Skull Island,Kong: Skull Island,"Action,Adventure,Fantasy",IMDb genres contains Animation,,https://datasets.imdbws.com/title.basics.tsv.gz,https://www.boxofficemojo.com/releasegroup/gr3991622149/,https://www.boxofficemojo.com/year/world/2017/?sort=rank&sortDir=asc,Q21203766,http://www.wikidata.org/entity/Q21203766,Warner Bros. Entertainment | Legendary Pictures | Tencent Pictures | Q65557474,United States,2026-07-23
2017,18,The Boss Baby,527965936,0.03213118901831259,yes,Animated,tt3874544,The Boss Baby,The Boss Baby,"Adventure,Animation,Comedy",IMDb genres contains Animation,,https://datasets.imdbws.com/title.basics.tsv.gz,https://www.boxofficemojo.com/releasegroup/gr2517979653/,https://www.boxofficemojo.com/year/world/2017/?sort=rank&sortDir=asc,Q18619153,http://www.wikidata.org/entity/Q18619153,DreamWorks Animation,United States,2026-07-23
2017,19,Dunkirk,526045546,0.03201431705769641,no,Non-animated,tt5013056,Dunkirk,Dunkirk,"Action,Drama,History",IMDb genres contains Animation,,https://datasets.imdbws.com/title.basics.tsv.gz,https://www.boxofficemojo.com/releasegroup/gr3929100805/,https://www.boxofficemojo.com/year/world/2017/?sort=rank&sortDir=asc,Q21935651,http://www.wikidata.org/entity/Q21935651,Warner Bros. Entertainment | Canal+ | Syncopy Inc. | StudioCanal | RatPac-Dune Entertainment | Kaap Holland Film | Dombey Street Productions | Q65557474,United States | Netherlands | France | United Kingdom,2026-07-23
2017,20,War for the Planet of the Apes,490719763,0.02986444462578843,no,Non-animated,tt3450958,War for the Planet of the Apes,War for the Planet of the Apes,"Action,Adventure,Drama",IMDb genres contains Animation,,https://datasets.imdbws.com/title.basics.tsv.gz,https://www.boxofficemojo.com/releasegroup/gr2539147781/,https://www.boxofficemojo.com/year/world/2017/?sort=rank&sortDir=asc,Q19938437,http://www.wikidata.org/entity/Q19938437,Chernin Entertainment,United States,2026-07-23
2018,1,Avengers: Infinity War,2048359754,0.12498854862365845,no,Non-animated,tt4154756,Avengers: Infinity War,Avengers: Infinity War,"Action,Adventure,Sci-Fi",IMDb genres contains Animation,,https://datasets.imdbws.com/title.basics.tsv.gz,https://www.boxofficemojo.com/releasegroup/gr3915469317/,https://www.boxofficemojo.com/year/world/2018/?sort=rank&sortDir=asc,Q23780914,http://www.wikidata.org/entity/Q23780914,Marvel Studios | Walt Disney Studios Motion Pictures,United States,2026-07-23
2018,2,Black Panther,1346913161,0.08218708690538645,no,Non-animated,tt1825683,Black Panther,Black Panther,"Action,Adventure,Sci-Fi",IMDb genres contains Animation,,https://datasets.imdbws.com/title.basics.tsv.gz,https://www.boxofficemojo.com/releasegroup/gr3458290181/,https://www.boxofficemojo.com/year/world/2018/?sort=rank&sortDir=asc,Q23780734,http://www.wikidata.org/entity/Q23780734,Marvel Studios,United States,2026-07-23
2018,3,Jurassic World: Fallen Kingdom,1308467944,0.0798412041252898,no,Non-animated,tt4881806,Jurassic World: Fallen Kingdom,Jurassic World: Fallen Kingdom,"Action,Adventure,Sci-Fi",IMDb genres contains Animation,,https://datasets.imdbws.com/title.basics.tsv.gz,https://www.boxofficemojo.com/releasegroup/gr3108917765/,https://www.boxofficemojo.com/year/world/2018/?sort=rank&sortDir=asc,Q21877685,http://www.wikidata.org/entity/Q21877685,Universal Pictures | Amblin Entertainment | The Kennedy/Marshall Company | Perfect World Pictures,United States,2026-07-23
2018,4,Incredibles 2,1242805359,0.0758345489554638,yes,Animated,tt3606756,Incredibles 2,Incredibles 2,"Action,Adventure,Animation",IMDb genres contains Animation,,https://datasets.imdbws.com/title.basics.tsv.gz,https://www.boxofficemojo.com/releasegroup/gr2507690501/,https://www.boxofficemojo.com/year/world/2018/?sort=rank&sortDir=asc,Q24832112,http://www.wikidata.org/entity/Q24832112,Pixar | Walt Disney Pictures,United States,2026-07-23
2018,5,Aquaman,1151961807,0.07029138023516203,no,Non-animated,tt1477834,Aquaman,Aquaman,"Action,Adventure,Fantasy",IMDb genres contains Animation,,https://datasets.imdbws.com/title.basics.tsv.gz,https://www.boxofficemojo.com/releasegroup/gr1903186437/,https://www.boxofficemojo.com/year/world/2018/?sort=rank&sortDir=asc,Q22998395,http://www.wikidata.org/entity/Q22998395,Warner Bros. Entertainment | The Safran Company,United States,2026-07-23
2018,6,Bohemian Rhapsody,903655259,0.05514000119265484,no,Non-animated,tt1727824,Bohemian Rhapsody,Bohemian Rhapsody,"Biography,Drama,Music",IMDb genres contains Animation,,https://datasets.imdbws.com/title.basics.tsv.gz,https://www.boxofficemojo.com/releasegroup/gr4107555333/,https://www.boxofficemojo.com/year/world/2018/?sort=rank&sortDir=asc,Q27894574,http://www.wikidata.org/entity/Q27894574,Regency Enterprises | Walt Disney Studios Motion Pictures | GK Films | TriBeCa Productions,United States | United Kingdom,2026-07-23
2018,7,Venom,856085151,0.05223732809278555,no,Non-animated,tt1270797,Venom,Venom,"Action,Adventure,Sci-Fi",IMDb genres contains Animation,,https://datasets.imdbws.com/title.basics.tsv.gz,https://www.boxofficemojo.com/releasegroup/gr3586740741/,https://www.boxofficemojo.com/year/world/2018/?sort=rank&sortDir=asc,Q23006268,http://www.wikidata.org/entity/Q23006268,Columbia Pictures | Sony Pictures | Marvel Entertainment | Tencent Pictures,United States | People's Republic of China,2026-07-23
2018,8,Mission: Impossible - Fallout,791115104,0.048272930792612426,no,Non-animated,tt4912910,Mission: Impossible - Fallout,Mission: Impossible - Fallout,"Action,Adventure,Thriller",IMDb genres contains Animation,,https://datasets.imdbws.com/title.basics.tsv.gz,https://www.boxofficemojo.com/releasegroup/gr248533509/,https://www.boxofficemojo.com/year/world/2018/?sort=rank&sortDir=asc,Q29261993,http://www.wikidata.org/entity/Q29261993,Paramount Pictures | Bad Robot Productions | Skydance Media | TC Productions,Norway | United States | France | People's Republic of China,2026-07-23
2018,9,Deadpool 2,734546611,0.04482118662311749,no,Non-animated,tt5463162,Deadpool 2,Deadpool 2,"Action,Adventure,Comedy",IMDb genres contains Animation,,https://datasets.imdbws.com/title.basics.tsv.gz,https://www.boxofficemojo.com/releasegroup/gr262820357/,https://www.boxofficemojo.com/year/world/2018/?sort=rank&sortDir=asc,Q25431158,http://www.wikidata.org/entity/Q25431158,20th Century Studios | Marvel Entertainment | The Donners' Company | Genre Films,United States,2026-07-23
2018,10,Fantastic Beasts: The Crimes of Grindelwald,655755901,0.040013468414098446,no,Non-animated,tt4123430,Fantastic Beasts: The Crimes of Grindelwald,Fantastic Beasts: The Crimes of Grindelwald,"Adventure,Family,Fantasy",IMDb genres contains Animation,,https://datasets.imdbws.com/title.basics.tsv.gz,https://www.boxofficemojo.com/releasegroup/gr3275837957/,https://www.boxofficemojo.com/year/world/2018/?sort=rank&sortDir=asc,Q18199331,http://www.wikidata.org/entity/Q18199331,Warner Bros. Entertainment | Heyday Films,United States | United Kingdom,2026-07-23
2018,11,Ant-Man and the Wasp,622674139,0.03799485746930769,no,Non-animated,tt5095030,Ant-Man and the Wasp,Ant-Man and the Wasp,"Action,Adventure,Comedy",IMDb genres contains Animation,,https://datasets.imdbws.com/title.basics.tsv.gz,https://www.boxofficemojo.com/releasegroup/gr869618181/,https://www.boxofficemojo.com/year/world/2018/?sort=rank&sortDir=asc,Q22957393,http://www.wikidata.org/entity/Q22957393,Marvel Studios,United States,2026-07-23
2018,12,Ready Player One,583490172,0.035603897016641364,no,Non-animated,tt1677720,Ready Player One,Ready Player One,"Action,Adventure,Sci-Fi",IMDb genres contains Animation,,https://datasets.imdbws.com/title.basics.tsv.gz,https://www.boxofficemojo.com/releasegroup/gr1211716101/,https://www.boxofficemojo.com/year/world/2018/?sort=rank&sortDir=asc,Q22000542,http://www.wikidata.org/entity/Q22000542,Warner Bros. Entertainment | DreamWorks | Amblin Entertainment | Village Roadshow Pictures | RatPac-Dune Entertainment | Q65557474,United States,2026-07-23
2018,13,Operation Red Sea,579330426,0.03535007411557734,no,Non-animated,tt6878882,Operation Red Sea,Hong hai xing dong,"Action,Drama,Thriller",IMDb genres contains Animation,,https://datasets.imdbws.com/title.basics.tsv.gz,https://www.boxofficemojo.com/releasegroup/gr2180010501/,https://www.boxofficemojo.com/year/world/2018/?sort=rank&sortDir=asc,Q30590974,http://www.wikidata.org/entity/Q30590974,People's Liberation Army Navy | Emperor Motion Pictures | Polybona Films | Zak Productions,People's Republic of China | Hong Kong,2026-07-23
2018,14,Detective Chinatown 2,544185156,0.033205550293671296,no,Non-animated,tt7752454,Detective Chinatown 2,Tang ren jie tan an 2,"Action,Comedy,Crime",IMDb genres contains Animation,,https://datasets.imdbws.com/title.basics.tsv.gz,https://www.boxofficemojo.com/releasegroup/gr3093189125/,https://www.boxofficemojo.com/year/world/2018/?sort=rank&sortDir=asc,Q50143448,http://www.wikidata.org/entity/Q50143448,,People's Republic of China,2026-07-23
2018,15,Ralph Breaks the Internet,529323962,0.032298737383855344,yes,Animated,tt5848272,Ralph Breaks the Internet,Ralph Breaks the Internet,"Adventure,Animation,Comedy",IMDb genres contains Animation,,https://datasets.imdbws.com/title.basics.tsv.gz,https://www.boxofficemojo.com/releasegroup/gr4200485381/,https://www.boxofficemojo.com/year/world/2018/?sort=rank&sortDir=asc,Q25167044,http://www.wikidata.org/entity/Q25167044,Walt Disney Pictures | Q1047410,United States,2026-07-23
2018,16,The Meg,529243742,0.03229384245201976,no,Non-animated,tt4779682,The Meg,The Meg,"Action,Adventure,Horror",IMDb genres contains Animation,,https://datasets.imdbws.com/title.basics.tsv.gz,https://www.boxofficemojo.com/releasegroup/gr214127109/,https://www.boxofficemojo.com/year/world/2018/?sort=rank&sortDir=asc,Q27957869,http://www.wikidata.org/entity/Q27957869,Warner Bros. Entertainment | di Bonaventura Pictures | Flagship Entertainment,United States | People's Republic of China,2026-07-23
2018,17,Hotel Transylvania 3: Summer Vacation,528583774,0.032253571966184946,yes,Animated,tt5220122,Hotel Transylvania 3: Summer Vacation,Hotel Transylvania 3: Summer Vacation,"Adventure,Animation,Comedy",IMDb genres contains Animation,,https://datasets.imdbws.com/title.basics.tsv.gz,https://www.boxofficemojo.com/releasegroup/gr4181873157/,https://www.boxofficemojo.com/year/world/2018/?sort=rank&sortDir=asc,Q28840385,http://www.wikidata.org/entity/Q28840385,Columbia Pictures | Sony Pictures Animation | MRC,United States,2026-07-23
2018,18,The Grinch,512715682,0.03128531930225046,yes,Animated,tt2709692,The Grinch,The Grinch,"Animation,Comedy,Family",IMDb genres contains Animation,,https://datasets.imdbws.com/title.basics.tsv.gz,https://www.boxofficemojo.com/releasegroup/gr1661227525/,https://www.boxofficemojo.com/year/world/2018/?sort=rank&sortDir=asc,Q15632949,http://www.wikidata.org/entity/Q15632949,Universal Pictures | Illumination,United States,2026-07-23
2018,19,Bumblebee,467989645,0.028556188133078874,no,Non-animated,tt4701182,Bumblebee,Bumblebee,"Action,Adventure,Sci-Fi",IMDb genres contains Animation,,https://datasets.imdbws.com/title.basics.tsv.gz,https://www.boxofficemojo.com/releasegroup/gr2098156037/,https://www.boxofficemojo.com/year/world/2018/?sort=rank&sortDir=asc,Q34220038,http://www.wikidata.org/entity/Q34220038,Paramount Pictures | DreamWorks | Hasbro | di Bonaventura Pictures | Tencent Pictures | Allspark Pictures,United States,2026-07-23
2018,20,Dying to Survive,451176639,0.027530277907183633,no,Non-animated,tt7362036,Dying to Survive,Wo bu shi yao shen,"Comedy,Drama",IMDb genres contains Animation,,https://datasets.imdbws.com/title.basics.tsv.gz,https://www.boxofficemojo.com/releasegroup/gr3524612613/,https://www.boxofficemojo.com/year/world/2018/?sort=rank&sortDir=asc,Q55376631,http://www.wikidata.org/entity/Q55376631,"film production company | production company | Dying to Survive | Beijing, China",People's Republic of China,2026-07-23
2019,1,Avengers: Endgame,2799439100,0.15009736006162652,no,Non-animated,tt4154796,Avengers: Endgame,Avengers: Endgame,"Action,Adventure,Sci-Fi",IMDb genres contains Animation,,https://datasets.imdbws.com/title.basics.tsv.gz,https://www.boxofficemojo.com/releasegroup/gr3511898629/,https://www.boxofficemojo.com/year/world/2019/?sort=rank&sortDir=asc,Q23781155,http://www.wikidata.org/entity/Q23781155,Marvel Studios | Walt Disney Studios Motion Pictures,United States,2026-07-23
2019,2,The Lion King,1656943394,0.08884023560682264,yes,Animated,tt6105098,The Lion King,The Lion King,"Adventure,Animation,Drama",IMDb genres contains Animation,,https://datasets.imdbws.com/title.basics.tsv.gz,https://www.boxofficemojo.com/releasegroup/gr403788293/,https://www.boxofficemojo.com/year/world/2019/?sort=rank&sortDir=asc,Q27044293,http://www.wikidata.org/entity/Q27044293,Walt Disney Pictures | Moving Picture Company | Fairview Entertainment,United States,2026-07-23
2019,3,Frozen II,1450026933,0.07774600799908703,yes,Animated,tt4520988,Frozen II,Frozen II,"Adventure,Animation,Comedy",IMDb genres contains Animation,,https://datasets.imdbws.com/title.basics.tsv.gz,https://www.boxofficemojo.com/releasegroup/gr1030181381/,https://www.boxofficemojo.com/year/world/2019/?sort=rank&sortDir=asc,Q24733929,http://www.wikidata.org/entity/Q24733929,Walt Disney Pictures | Q1047410,United States,2026-07-23
2019,4,Spider-Man: Far from Home,1131927996,0.06069051617498925,no,Non-animated,tt6320628,Spider-Man: Far from Home,Spider-Man: Far from Home,"Action,Adventure,Comedy",IMDb genres contains Animation,,https://datasets.imdbws.com/title.basics.tsv.gz,https://www.boxofficemojo.com/releasegroup/gr1825526277/,https://www.boxofficemojo.com/year/world/2019/?sort=rank&sortDir=asc,Q27985819,http://www.wikidata.org/entity/Q27985819,Columbia Pictures | Marvel Studios | Sony Pictures,United States,2026-07-23
2019,5,Captain Marvel,1128274794,0.060494642660194144,no,Non-animated,tt4154664,Captain Marvel,Captain Marvel,"Action,Adventure,Sci-Fi",IMDb genres contains Animation,,https://datasets.imdbws.com/title.basics.tsv.gz,https://www.boxofficemojo.com/releasegroup/gr3085718021/,https://www.boxofficemojo.com/year/world/2019/?sort=rank&sortDir=asc,Q23781129,http://www.wikidata.org/entity/Q23781129,Marvel Studios,United States,2026-07-23
2019,6,Joker,1078751311,0.05783934501169133,no,Non-animated,tt7286456,Joker,Joker,Drama,IMDb genres contains Animation,,https://datasets.imdbws.com/title.basics.tsv.gz,https://www.boxofficemojo.com/releasegroup/gr4123480581/,https://www.boxofficemojo.com/year/world/2019/?sort=rank&sortDir=asc,Q42759035,http://www.wikidata.org/entity/Q42759035,Warner Bros. Entertainment | Village Roadshow Pictures | DC Entertainment | DC Studios | Q65557474,United States,2026-07-23
2019,7,Star Wars: Episode IX - The Rise of Skywalker,1074144248,0.057592328388276444,no,Non-animated,tt2527338,Star Wars: Episode IX - The Rise of Skywalker,Star Wars: Episode IX - The Rise of Skywalker,"Action,Adventure,Fantasy",IMDb genres contains Animation,,https://datasets.imdbws.com/title.basics.tsv.gz,https://www.boxofficemojo.com/releasegroup/gr2303480325/,https://www.boxofficemojo.com/year/world/2019/?sort=rank&sortDir=asc,Q20977110,http://www.wikidata.org/entity/Q20977110,Lucasfilm | Bad Robot Productions | Walt Disney Studios Motion Pictures,United States,2026-07-23
2019,8,Toy Story 4,1073394593,0.05755213418063785,yes,Animated,tt1979376,Toy Story 4,Toy Story 4,"Adventure,Animation,Comedy",IMDb genres contains Animation,,https://datasets.imdbws.com/title.basics.tsv.gz,https://www.boxofficemojo.com/releasegroup/gr2366394885/,https://www.boxofficemojo.com/year/world/2019/?sort=rank&sortDir=asc,Q18517638,http://www.wikidata.org/entity/Q18517638,Pixar,United States,2026-07-23
2019,9,Aladdin,1050693953,0.05633499531317352,no,Non-animated,tt6139732,Aladdin,Aladdin,"Adventure,Comedy,Family",IMDb genres contains Animation,,https://datasets.imdbws.com/title.basics.tsv.gz,https://www.boxofficemojo.com/releasegroup/gr2669236741/,https://www.boxofficemojo.com/year/world/2019/?sort=rank&sortDir=asc,Q27188178,http://www.wikidata.org/entity/Q27188178,Walt Disney Pictures | Lin Pictures,United States,2026-07-23
2019,10,Jumanji: The Next Level,801693929,0.042984375805972364,no,Non-animated,tt7975244,Jumanji: The Next Level,Jumanji: The Next Level,"Action,Adventure,Comedy",IMDb genres contains Animation,,https://datasets.imdbws.com/title.basics.tsv.gz,https://www.boxofficemojo.com/releasegroup/gr2719109637/,https://www.boxofficemojo.com/year/world/2019/?sort=rank&sortDir=asc,Q60501923,http://www.wikidata.org/entity/Q60501923,Columbia Pictures | Seven Bucks Productions,United States,2026-07-23
2019,11,Fast & Furious Presents: Hobbs & Shaw,760732926,0.04078817213939631,no,Non-animated,tt6806448,Fast & Furious Presents: Hobbs & Shaw,Fast & Furious Presents: Hobbs & Shaw,"Action,Adventure,Thriller",IMDb genres contains Animation,,https://datasets.imdbws.com/title.basics.tsv.gz,https://www.boxofficemojo.com/releasegroup/gr423973381/,https://www.boxofficemojo.com/year/world/2019/?sort=rank&sortDir=asc,Q56559254,http://www.wikidata.org/entity/Q56559254,Universal Pictures | Original Film | Seven Bucks Productions,United States,2026-07-23
2019,12,Ne Zha,725920658,0.0389216448323519,yes,Animated,tt10627720,Ne Zha,Nezha: Mo tong jiang shi,"Action,Adventure,Animation",IMDb genres contains Animation,,https://datasets.imdbws.com/title.basics.tsv.gz,https://www.boxofficemojo.com/releasegroup/gr3953807877/,https://www.boxofficemojo.com/year/world/2019/?sort=rank&sortDir=asc,Q65972529,http://www.wikidata.org/entity/Q65972529,,People's Republic of China,2026-07-23
2019,13,The Wandering Earth,699856699,0.03752417508969721,no,Non-animated,tt7605074,The Wandering Earth,Liú Làng Dì Qiú,"Action,Adventure,Sci-Fi",IMDb genres contains Animation,,https://datasets.imdbws.com/title.basics.tsv.gz,https://www.boxofficemojo.com/releasegroup/gr2718781957/,https://www.boxofficemojo.com/year/world/2019/?sort=rank&sortDir=asc,Q57966215,http://www.wikidata.org/entity/Q57966215,China Film Group Corporation,People's Republic of China,2026-07-23
2019,14,How to Train Your Dragon: The Hidden World,521799505,0.027977293087734428,yes,Animated,tt2386490,How to Train Your Dragon: The Hidden World,How to Train Your Dragon: The Hidden World,"Action,Adventure,Animation",IMDb genres contains Animation,,https://datasets.imdbws.com/title.basics.tsv.gz,https://www.boxofficemojo.com/releasegroup/gr2553172485/,https://www.boxofficemojo.com/year/world/2019/?sort=rank&sortDir=asc,Q22970530,http://www.wikidata.org/entity/Q22970530,DreamWorks Animation,United States,2026-07-23
2019,15,Maleficent: Mistress of Evil,491730089,0.026365062994858027,no,Non-animated,tt4777008,Maleficent: Mistress of Evil,Maleficent: Mistress of Evil,"Adventure,Drama,Family",IMDb genres contains Animation,,https://datasets.imdbws.com/title.basics.tsv.gz,https://www.boxofficemojo.com/releasegroup/gr2536985093/,https://www.boxofficemojo.com/year/world/2019/?sort=rank&sortDir=asc,Q54437950,http://www.wikidata.org/entity/Q54437950,Walt Disney Pictures | Roth Films,United States,2026-07-23
2019,16,It: Chapter Two,473093228,0.02536581152482766,no,Non-animated,tt7349950,It: Chapter Two,It: Chapter Two,"Drama,Fantasy,Horror",IMDb genres contains Animation,,https://datasets.imdbws.com/title.basics.tsv.gz,https://www.boxofficemojo.com/releasegroup/gr3159511557/,https://www.boxofficemojo.com/year/world/2019/?sort=rank&sortDir=asc,Q42726338,http://www.wikidata.org/entity/Q42726338,New Line Cinema | Warner Bros. Entertainment | Vertigo Entertainment,United States,2026-07-23
2019,17,"My People, My Country",450064993,0.024131108015693008,no,Non-animated,tt10147382,"My People, My Country",Wo he wo de zu guo,"Drama,History",IMDb genres contains Animation,,https://datasets.imdbws.com/title.basics.tsv.gz,https://www.boxofficemojo.com/releasegroup/gr902124037/,https://www.boxofficemojo.com/year/world/2019/?sort=rank&sortDir=asc,Q65053995,http://www.wikidata.org/entity/Q65053995,Polybona Films | Huayi Brothers | Beijing Enlight Pictures | Huaxia Film Distribution | Damai Entertainment | Tencent Pictures | Wanda Media | Tianjin Maoyan Weiying Culture Media | Emperor Film Production,People's Republic of China,2026-07-23
2019,18,Pokémon: Detective Pikachu,433305346,0.02323250701727702,no,Non-animated,tt5884052,Pokémon: Detective Pikachu,Pokémon: Detective Pikachu,"Adventure,Comedy,Family",IMDb genres contains Animation,,https://datasets.imdbws.com/title.basics.tsv.gz,https://www.boxofficemojo.com/releasegroup/gr3275444741/,https://www.boxofficemojo.com/year/world/2019/?sort=rank&sortDir=asc,Q47492499,http://www.wikidata.org/entity/Q47492499,Legendary Pictures | The Pokémon Company,Japan | United States,2026-07-23
2019,19,The Secret Life of Pets 2,431164459,0.023117719206072175,yes,Animated,tt5113040,The Secret Life of Pets 2,The Secret Life of Pets 2,"Adventure,Animation,Comedy",IMDb genres contains Animation,,https://datasets.imdbws.com/title.basics.tsv.gz,https://www.boxofficemojo.com/releasegroup/gr2298958341/,https://www.boxofficemojo.com/year/world/2019/?sort=rank&sortDir=asc,Q28561715,http://www.wikidata.org/entity/Q28561715,Universal Pictures | Illumination,United States,2026-07-23
2019,20,The Captain,417863545,0.022404564889621167,no,Non-animated,tt10218664,The Captain,Zhong guo ji zhang,"Action,Adventure,Drama",IMDb genres contains Animation,,https://datasets.imdbws.com/title.basics.tsv.gz,https://www.boxofficemojo.com/releasegroup/gr107893253/,https://www.boxofficemojo.com/year/world/2019/?sort=rank&sortDir=asc,Q69082264,http://www.wikidata.org/entity/Q69082264,Polybona Films | Wanda Media,People's Republic of China,2026-07-23
2020,1,Demon Slayer: Kimetsu no Yaiba - The Movie: Mugen Train,472162520,0.09723975801456843,yes,Animated,tt11032374,Demon Slayer: Kimetsu no Yaiba - The Movie: Mugen Train,Gekijô-ban Kimetsu no Yaiba Mugen Ressha-hen,"Action,Adventure,Animation",IMDb genres contains Animation,,https://datasets.imdbws.com/title.basics.tsv.gz,https://www.boxofficemojo.com/releasegroup/gr2409976325/,https://www.boxofficemojo.com/year/world/2020/?sort=rank&sortDir=asc,Q96376192,http://www.wikidata.org/entity/Q96376192,Ufotable,Japan,2026-07-23
2020,2,The Eight Hundred,461421559,0.09502770516360534,no,Non-animated,tt7294150,The Eight Hundred,Ba bai,"Action,Drama,History",IMDb genres contains Animation,,https://datasets.imdbws.com/title.basics.tsv.gz,https://www.boxofficemojo.com/releasegroup/gr832590341/,https://www.boxofficemojo.com/year/world/2020/?sort=rank&sortDir=asc,Q64854696,http://www.wikidata.org/entity/Q64854696,Huayi Brothers | Damai Entertainment | Tencent Pictures | Beijing Enlight Media,People's Republic of China,2026-07-23
2020,3,Bad Boys for Life,426505244,0.08783684634372178,no,Non-animated,tt1502397,Bad Boys for Life,Bad Boys for Life,"Action,Comedy,Crime",IMDb genres contains Animation,,https://datasets.imdbws.com/title.basics.tsv.gz,https://www.boxofficemojo.com/releasegroup/gr3944174085/,https://www.boxofficemojo.com/year/world/2020/?sort=rank&sortDir=asc,Q29021224,http://www.wikidata.org/entity/Q29021224,Columbia Pictures | Overbrook Entertainment | Q17305144,United States | Mexico,2026-07-23
2020,4,"My People, My Homeland",422390820,0.08698949913342366,no,Non-animated,tt12363162,"My People, My Homeland",Wo he wo de jia xiang,Drama,IMDb genres contains Animation,,https://datasets.imdbws.com/title.basics.tsv.gz,https://www.boxofficemojo.com/releasegroup/gr1571181061/,https://www.boxofficemojo.com/year/world/2020/?sort=rank&sortDir=asc,Q97300316,http://www.wikidata.org/entity/Q97300316,,People's Republic of China,2026-07-23
2020,5,Tenet,365304105,0.07523274564852903,no,Non-animated,tt6723592,Tenet,Tenet,"Action,Sci-Fi,Thriller",IMDb genres contains Animation,,https://datasets.imdbws.com/title.basics.tsv.gz,https://www.boxofficemojo.com/releasegroup/gr418796037/,https://www.boxofficemojo.com/year/world/2020/?sort=rank&sortDir=asc,Q63985561,http://www.wikidata.org/entity/Q63985561,Warner Bros. Entertainment | Syncopy Inc. | Q65557474,United States | United Kingdom,2026-07-23
2020,6,Sonic the Hedgehog,319715683,0.06584401415085311,no,Non-animated,tt3794354,Sonic the Hedgehog,Sonic the Hedgehog,"Action,Adventure,Comedy",IMDb genres contains Animation,,https://datasets.imdbws.com/title.basics.tsv.gz,https://www.boxofficemojo.com/releasegroup/gr2707509765/,https://www.boxofficemojo.com/year/world/2020/?sort=rank&sortDir=asc,Q29906232,http://www.wikidata.org/entity/Q29906232,Sega | Paramount Pictures | Original Film | Blur Studio | Marza Animation Planet | Story Kitchen,Japan | United States,2026-07-23
2020,7,Dolittle,251410631,0.05177689436410572,no,Non-animated,tt6673612,Dolittle,Dolittle,"Adventure,Comedy,Family",IMDb genres contains Animation,,https://datasets.imdbws.com/title.basics.tsv.gz,https://www.boxofficemojo.com/releasegroup/gr888885765/,https://www.boxofficemojo.com/year/world/2020/?sort=rank&sortDir=asc,Q38689704,http://www.wikidata.org/entity/Q38689704,Universal Pictures | Team Downey,United States,2026-07-23
2020,8,Jiang Ziya,240646355,0.04956003989322983,yes,Animated,tt11177804,Jiang Ziya,Jiang Ziya,"Action,Adventure,Animation",IMDb genres contains Animation,,https://datasets.imdbws.com/title.basics.tsv.gz,https://www.boxofficemojo.com/releasegroup/gr3786166789/,https://www.boxofficemojo.com/year/world/2020/?sort=rank&sortDir=asc,Q76780267,http://www.wikidata.org/entity/Q76780267,,People's Republic of China,2026-07-23
2020,9,A Little Red Flower,216000000,0.044484233376140866,no,Non-animated,tt12497408,A Little Red Flower,Song ni yi duo xiao hong hua,"Drama,Family",IMDb genres contains Animation,,https://datasets.imdbws.com/title.basics.tsv.gz,https://www.boxofficemojo.com/releasegroup/gr2243580421/,https://www.boxofficemojo.com/year/world/2020/?sort=rank&sortDir=asc,Q104532857,http://www.wikidata.org/entity/Q104532857,China Film Group Corporation,People's Republic of China,2026-07-23
2020,10,The Croods: A New Age,215905815,0.04446483639687915,yes,Animated,tt2850386,The Croods: A New Age,The Croods: A New Age,"Adventure,Animation,Comedy",IMDb genres contains Animation,,https://datasets.imdbws.com/title.basics.tsv.gz,https://www.boxofficemojo.com/releasegroup/gr3240120837/,https://www.boxofficemojo.com/year/world/2020/?sort=rank&sortDir=asc,Q24832743,http://www.wikidata.org/entity/Q24832743,DreamWorks Animation,United States,2026-07-23
2020,11,Birds of Prey and the Fantabulous Emancipation of One Harley Quinn,205358461,0.04229265604115335,no,Non-animated,tt7713068,Birds of Prey and the Fantabulous Emancipation of One Harley Quinn,Birds of Prey (and the Fantabulous Emancipation of One Harley Quinn),"Action,Comedy,Crime",IMDb genres contains Animation,,https://datasets.imdbws.com/title.basics.tsv.gz,https://www.boxofficemojo.com/releasegroup/gr1265914373/,https://www.boxofficemojo.com/year/world/2020/?sort=rank&sortDir=asc,Q57177410,http://www.wikidata.org/entity/Q57177410,DC Studios | LuckyChap Entertainment,United States,2026-07-23
2020,12,Chak dan juen ga 2,198921659,0.0409670254746533,no,Non-animated,tt9597838,Chak dan juen ga 2,Chak dan juen ga 2,"Action,Crime,Thriller",IMDb genres contains Animation,,https://datasets.imdbws.com/title.basics.tsv.gz,https://www.boxofficemojo.com/releasegroup/gr2797228549/,https://www.boxofficemojo.com/year/world/2020/?sort=rank&sortDir=asc,Q62597210,http://www.wikidata.org/entity/Q62597210,,Hong Kong,2026-07-23
2020,13,Wonder Woman 1984,169601036,0.03492857438082995,no,Non-animated,tt7126948,Wonder Woman 1984,Wonder Woman 1984,"Action,Adventure,Fantasy",IMDb genres contains Animation,,https://datasets.imdbws.com/title.basics.tsv.gz,https://www.boxofficemojo.com/releasegroup/gr1373065733/,https://www.boxofficemojo.com/year/world/2020/?sort=rank&sortDir=asc,Q33408623,http://www.wikidata.org/entity/Q33408623,DC Entertainment | DC Studios,United States,2026-07-23
2020,14,The Sacrifice,161047608,0.03316703416176505,no,Non-animated,tt13000980,The Sacrifice,Jin Gang Chuan,"Action,Drama,War",IMDb genres contains Animation,,https://datasets.imdbws.com/title.basics.tsv.gz,https://www.boxofficemojo.com/releasegroup/gr2107986437/,https://www.boxofficemojo.com/year/world/2020/?sort=rank&sortDir=asc,Q102967304,http://www.wikidata.org/entity/Q102967304,,People's Republic of China,2026-07-23
2020,15,The Invisible Man,144492724,0.029757629886899586,no,Non-animated,tt1051906,The Invisible Man,The Invisible Man,"Drama,Horror,Mystery",IMDb genres contains Animation,,https://datasets.imdbws.com/title.basics.tsv.gz,https://www.boxofficemojo.com/releasegroup/gr3538178565/,https://www.boxofficemojo.com/year/world/2020/?sort=rank&sortDir=asc,Q64004122,http://www.wikidata.org/entity/Q64004122,Blumhouse Productions,United States | Australia,2026-07-23
2020,16,Onward,141914643,0.029226685642146834,yes,Animated,tt7146812,Onward,Onward,"Adventure,Animation,Comedy",IMDb genres contains Animation,,https://datasets.imdbws.com/title.basics.tsv.gz,https://www.boxofficemojo.com/releasegroup/gr883905029/,https://www.boxofficemojo.com/year/world/2020/?sort=rank&sortDir=asc,Q59690895,http://www.wikidata.org/entity/Q59690895,Pixar | Walt Disney Pictures,United States,2026-07-23
2020,17,Warm Hug,129240236,0.02661644823986816,no,Non-animated,tt13529418,Warm Hug,Wen nuan de bao bao,Comedy,IMDb genres contains Animation,,https://datasets.imdbws.com/title.basics.tsv.gz,https://www.boxofficemojo.com/releasegroup/gr2595901957/,https://www.boxofficemojo.com/year/world/2020/?sort=rank&sortDir=asc,Q97193421,http://www.wikidata.org/entity/Q97193421,,People's Republic of China,2026-07-23
2020,18,Soul,121903885,0.02510555958239925,yes,Animated,tt2948372,Soul,Soul,"Adventure,Animation,Comedy",IMDb genres contains Animation,,https://datasets.imdbws.com/title.basics.tsv.gz,https://www.boxofficemojo.com/releasegroup/gr2955039237/,https://www.boxofficemojo.com/year/world/2020/?sort=rank&sortDir=asc,Q64744044,http://www.wikidata.org/entity/Q64744044,Pixar | Walt Disney Pictures,United States,2026-07-23
2020,19,The Call of the Wild,111166669,0.02289427799742687,no,Non-animated,tt7504726,The Call of the Wild,The Call of the Wild,"Adventure,Drama,Family",IMDb genres contains Animation,,https://datasets.imdbws.com/title.basics.tsv.gz,https://www.boxofficemojo.com/releasegroup/gr725766661/,https://www.boxofficemojo.com/year/world/2020/?sort=rank&sortDir=asc,Q57982258,http://www.wikidata.org/entity/Q57982258,20th Century Studios | 3 Arts Entertainment,United States,2026-07-23
2020,20,Caught in Time,80543319,0.016587536107800744,no,Non-animated,tt9877138,Caught in Time,Chu bao,"Action,Crime,Drama",IMDb genres contains Animation,,https://datasets.imdbws.com/title.basics.tsv.gz,https://www.boxofficemojo.com/releasegroup/gr967070213/,https://www.boxofficemojo.com/year/world/2020/?sort=rank&sortDir=asc,Q105470889,http://www.wikidata.org/entity/Q105470889,,Hong Kong,2026-07-23
2021,1,Spider-Man: No Way Home,1910982770,0.18041174316133723,no,Non-animated,tt10872600,Spider-Man: No Way Home,Spider-Man: No Way Home,"Action,Adventure,Fantasy",IMDb genres contains Animation,,https://datasets.imdbws.com/title.basics.tsv.gz,https://www.boxofficemojo.com/releasegroup/gr3957150213/,https://www.boxofficemojo.com/year/world/2021/?sort=rank&sortDir=asc,Q68934496,http://www.wikidata.org/entity/Q68934496,Columbia Pictures | Marvel Studios | Pascal Pictures,United States,2026-07-23
2021,2,The Battle at Lake Changjin,902548476,0.08520764624307332,no,Non-animated,tt13462900,The Battle at Lake Changjin,Changjin hu,"Action,Drama,History",IMDb genres contains Animation,,https://datasets.imdbws.com/title.basics.tsv.gz,https://www.boxofficemojo.com/releasegroup/gr3283177989/,https://www.boxofficemojo.com/year/world/2021/?sort=rank&sortDir=asc,Q107273994,http://www.wikidata.org/entity/Q107273994,"China Film Group Corporation | Polybona Films | Shanghai Film Group | August First Film Studio | China Film Group Co.,Ltd. | Huaxia Film Distribution | Damai Entertainment",People's Republic of China,2026-07-23
2021,3,"Hi, Mom",822009764,0.0776041609307024,no,Non-animated,tt13364790,"Hi, Mom","Ni hao, Li Huanying","Comedy,Drama,Fantasy",IMDb genres contains Animation,,https://datasets.imdbws.com/title.basics.tsv.gz,https://www.boxofficemojo.com/releasegroup/gr565793285/,https://www.boxofficemojo.com/year/world/2021/?sort=rank&sortDir=asc,Q105221616,http://www.wikidata.org/entity/Q105221616,New Classics Media | Tianjin Maoyan Weiying Culture Media,People's Republic of China,2026-07-23
2021,4,No Time to Die,774153007,0.07308610818425165,no,Non-animated,tt2382320,No Time to Die,No Time to Die,"Action,Adventure,Thriller",IMDb genres contains Animation,,https://datasets.imdbws.com/title.basics.tsv.gz,https://www.boxofficemojo.com/releasegroup/gr1812943365/,https://www.boxofficemojo.com/year/world/2021/?sort=rank&sortDir=asc,Q21534241,http://www.wikidata.org/entity/Q21534241,Eon Productions,United States | United Kingdom,2026-07-23
2021,5,F9: The Fast Saga,726229501,0.06856175380932299,no,Non-animated,tt5433138,F9: The Fast Saga,F9,"Action,Crime,Thriller",IMDb genres contains Animation,,https://datasets.imdbws.com/title.basics.tsv.gz,https://www.boxofficemojo.com/releasegroup/gr1590448645/,https://www.boxofficemojo.com/year/world/2021/?sort=rank&sortDir=asc,Q29466808,http://www.wikidata.org/entity/Q29466808,Universal Pictures | Original Film,United States,2026-07-23
2021,6,Detective Chinatown 3,686257563,0.06478808974215984,no,Non-animated,tt10370822,Detective Chinatown 3,Tang ren jie tan an 3,"Action,Adventure,Comedy",IMDb genres contains Animation,,https://datasets.imdbws.com/title.basics.tsv.gz,https://www.boxofficemojo.com/releasegroup/gr2745979397/,https://www.boxofficemojo.com/year/world/2021/?sort=rank&sortDir=asc,Q85877683,http://www.wikidata.org/entity/Q85877683,Wanda Media,People's Republic of China,2026-07-23
2021,7,Venom: Let There Be Carnage,506813864,0.04784719888530073,no,Non-animated,tt7097896,Venom: Let There Be Carnage,Venom: Let There Be Carnage,"Action,Adventure,Crime",IMDb genres contains Animation,,https://datasets.imdbws.com/title.basics.tsv.gz,https://www.boxofficemojo.com/releasegroup/gr2560774661/,https://www.boxofficemojo.com/year/world/2021/?sort=rank&sortDir=asc,Q60498064,http://www.wikidata.org/entity/Q60498064,Columbia Pictures | Marvel Entertainment | Tencent Pictures,United States,2026-07-23
2021,8,Godzilla vs. Kong,470116094,0.04438264192551515,no,Non-animated,tt5034838,Godzilla vs. Kong,Godzilla vs. Kong,"Action,Sci-Fi,Thriller",IMDb genres contains Animation,,https://datasets.imdbws.com/title.basics.tsv.gz,https://www.boxofficemojo.com/releasegroup/gr3306770949/,https://www.boxofficemojo.com/year/world/2021/?sort=rank&sortDir=asc,Q56307503,http://www.wikidata.org/entity/Q56307503,Warner Bros. Entertainment | Legendary Pictures,United States,2026-07-23
2021,9,Shang-Chi and the Legend of the Ten Rings,432243292,0.040807152740322664,no,Non-animated,tt9376612,Shang-Chi and the Legend of the Ten Rings,Shang-Chi and the Legend of the Ten Rings,"Action,Adventure,Fantasy",IMDb genres contains Animation,,https://datasets.imdbws.com/title.basics.tsv.gz,https://www.boxofficemojo.com/releasegroup/gr1414156805/,https://www.boxofficemojo.com/year/world/2021/?sort=rank&sortDir=asc,Q65768589,http://www.wikidata.org/entity/Q65768589,Marvel Studios,United States,2026-07-23
2021,10,Sing 2,408702234,0.03858469245637037,yes,Animated,tt6467266,Sing 2,Sing 2,"Adventure,Animation,Comedy",IMDb genres contains Animation,,https://datasets.imdbws.com/title.basics.tsv.gz,https://www.boxofficemojo.com/releasegroup/gr3571732997/,https://www.boxofficemojo.com/year/world/2021/?sort=rank&sortDir=asc,Q30933418,http://www.wikidata.org/entity/Q30933418,Illumination,United States,2026-07-23
2021,11,Dune: Part One,402127830,0.037964017218211694,no,Non-animated,tt1160419,Dune: Part One,Dune: Part One,"Action,Adventure,Drama",IMDb genres contains Animation,,https://datasets.imdbws.com/title.basics.tsv.gz,https://www.boxofficemojo.com/releasegroup/gr3833549317/,https://www.boxofficemojo.com/year/world/2021/?sort=rank&sortDir=asc,Q60834962,http://www.wikidata.org/entity/Q60834962,Legendary Pictures,Canada | Norway | Hungary | United States | Jordan | United Arab Emirates,2026-07-23
2021,12,Eternals,402064899,0.03795807603884204,no,Non-animated,tt9032400,Eternals,Eternals,"Action,Adventure,Fantasy",IMDb genres contains Animation,,https://datasets.imdbws.com/title.basics.tsv.gz,https://www.boxofficemojo.com/releasegroup/gr1431196165/,https://www.boxofficemojo.com/year/world/2021/?sort=rank&sortDir=asc,Q23894629,http://www.wikidata.org/entity/Q23894629,Marvel Studios | Walt Disney Studios Motion Pictures,United States,2026-07-23
2021,13,Black Widow,379751655,0.03585153101456417,no,Non-animated,tt3480822,Black Widow,Black Widow,"Action,Adventure,Sci-Fi",IMDb genres contains Animation,,https://datasets.imdbws.com/title.basics.tsv.gz,https://www.boxofficemojo.com/releasegroup/gr321081861/,https://www.boxofficemojo.com/year/world/2021/?sort=rank&sortDir=asc,Q23894626,http://www.wikidata.org/entity/Q23894626,Marvel Studios,United States,2026-07-23
2021,14,Free Guy,331526598,0.03129870786303735,no,Non-animated,tt6264654,Free Guy,Free Guy,"Action,Adventure,Comedy",IMDb genres contains Animation,,https://datasets.imdbws.com/title.basics.tsv.gz,https://www.boxofficemojo.com/releasegroup/gr642011653/,https://www.boxofficemojo.com/year/world/2021/?sort=rank&sortDir=asc,Q38685497,http://www.wikidata.org/entity/Q38685497,20th Century Studios | 21 Laps Entertainment | TSG Entertainment | Berlanti Productions,United States,2026-07-23
2021,15,A Quiet Place Part II,297372261,0.028074270902420612,no,Non-animated,tt8332922,A Quiet Place Part II,A Quiet Place Part II,"Drama,Horror,Sci-Fi",IMDb genres contains Animation,,https://datasets.imdbws.com/title.basics.tsv.gz,https://www.boxofficemojo.com/releasegroup/gr3159642629/,https://www.boxofficemojo.com/year/world/2021/?sort=rank&sortDir=asc,Q53911403,http://www.wikidata.org/entity/Q53911403,Paramount Pictures | Platinum Dunes | Sunday Night Productions,United States,2026-07-23
2021,16,Encanto,256786742,0.024242679982373973,yes,Animated,tt2953050,Encanto,Encanto,"Animation,Comedy,Family",IMDb genres contains Animation,,https://datasets.imdbws.com/title.basics.tsv.gz,https://www.boxofficemojo.com/releasegroup/gr2581352965/,https://www.boxofficemojo.com/year/world/2021/?sort=rank&sortDir=asc,Q103372692,http://www.wikidata.org/entity/Q103372692,Walt Disney Pictures,United States | Colombia,2026-07-23
2021,17,Cruella,233503234,0.02204453443593823,no,Non-animated,tt3228774,Cruella,Cruella,"Adventure,Comedy,Crime",IMDb genres contains Animation,,https://datasets.imdbws.com/title.basics.tsv.gz,https://www.boxofficemojo.com/releasegroup/gr2221298181/,https://www.boxofficemojo.com/year/world/2021/?sort=rank&sortDir=asc,Q24284363,http://www.wikidata.org/entity/Q24284363,Walt Disney Pictures,United States | United Kingdom,2026-07-23
2021,18,"My Country, My Parents",221831086,0.020942592231029122,no,Non-animated,tt15465312,"My Country, My Parents",Wo he wo de fu bei,Drama,IMDb genres contains Animation,,https://datasets.imdbws.com/title.basics.tsv.gz,https://www.boxofficemojo.com/releasegroup/gr1488015877/,https://www.boxofficemojo.com/year/world/2021/?sort=rank&sortDir=asc,Q108800348,http://www.wikidata.org/entity/Q108800348,"China Film Group Co.,Ltd.",People's Republic of China,2026-07-23
2021,19,Jungle Cruise,220889446,0.020853694038697204,no,Non-animated,tt0870154,Jungle Cruise,Jungle Cruise,"Action,Adventure,Comedy",IMDb genres contains Animation,,https://datasets.imdbws.com/title.basics.tsv.gz,https://www.boxofficemojo.com/releasegroup/gr2841661957/,https://www.boxofficemojo.com/year/world/2021/?sort=rank&sortDir=asc,Q24285605,http://www.wikidata.org/entity/Q24285605,Walt Disney Pictures | Davis Entertainment | Seven Bucks Productions,United States,2026-07-23
2021,20,The Conjuring: The Devil Made Me Do It,206431050,0.019488708196529248,no,Non-animated,tt7069210,The Conjuring: The Devil Made Me Do It,The Conjuring: The Devil Made Me Do It,"Horror,Mystery,Thriller",IMDb genres contains Animation,,https://datasets.imdbws.com/title.basics.tsv.gz,https://www.boxofficemojo.com/releasegroup/gr3168489989/,https://www.boxofficemojo.com/year/world/2021/?sort=rank&sortDir=asc,Q64145552,http://www.wikidata.org/entity/Q64145552,New Line Cinema | The Safran Company | Atomic Monster,United States,2026-07-23
2022,1,Avatar: The Way of Water,2320631329,0.17141511058876463,no,Non-animated,tt1630029,Avatar: The Way of Water,Avatar: The Way of Water,"Action,Adventure,Fantasy",IMDb genres contains Animation,,https://datasets.imdbws.com/title.basics.tsv.gz,https://www.boxofficemojo.com/releasegroup/gr1943818757/,https://www.boxofficemojo.com/year/world/2022/?sort=rank&sortDir=asc,Q3604746,http://www.wikidata.org/entity/Q3604746,20th Century Studios | Lightstorm Entertainment | TSG Entertainment,United States,2026-07-23
2022,2,Top Gun: Maverick,1495696292,0.11048068777510897,no,Non-animated,tt1745960,Top Gun: Maverick,Top Gun: Maverick,"Action,Drama",IMDb genres contains Animation,,https://datasets.imdbws.com/title.basics.tsv.gz,https://www.boxofficemojo.com/releasegroup/gr1928614405/,https://www.boxofficemojo.com/year/world/2022/?sort=rank&sortDir=asc,Q31202708,http://www.wikidata.org/entity/Q31202708,Paramount Pictures | Skydance Media | Q17305144 | Tencent Pictures | TC Productions | New Republic Pictures,United States,2026-07-23
2022,3,Jurassic World: Dominion,1001978080,0.07401183516070599,no,Non-animated,tt8041270,Jurassic World: Dominion,Jurassic World: Dominion,"Action,Adventure,Sci-Fi",IMDb genres contains Animation,,https://datasets.imdbws.com/title.basics.tsv.gz,https://www.boxofficemojo.com/releasegroup/gr1700221445/,https://www.boxofficemojo.com/year/world/2022/?sort=rank&sortDir=asc,Q55178974,http://www.wikidata.org/entity/Q55178974,Amblin Entertainment,United States,2026-07-23
2022,4,Doctor Strange in the Multiverse of Madness,955775804,0.07059907064657465,no,Non-animated,tt9419884,Doctor Strange in the Multiverse of Madness,Doctor Strange in the Multiverse of Madness,"Action,Adventure,Fantasy",IMDb genres contains Animation,,https://datasets.imdbws.com/title.basics.tsv.gz,https://www.boxofficemojo.com/releasegroup/gr535450117/,https://www.boxofficemojo.com/year/world/2022/?sort=rank&sortDir=asc,Q64211112,http://www.wikidata.org/entity/Q64211112,Marvel Studios,United States,2026-07-23
2022,5,Minions: The Rise of Gru,940482695,0.06946943409564062,yes,Animated,tt5113044,Minions: The Rise of Gru,Minions: The Rise of Gru,"Adventure,Animation,Comedy",IMDb genres contains Animation,,https://datasets.imdbws.com/title.basics.tsv.gz,https://www.boxofficemojo.com/releasegroup/gr101863941/,https://www.boxofficemojo.com/year/world/2022/?sort=rank&sortDir=asc,Q60997779,http://www.wikidata.org/entity/Q60997779,Universal Pictures | Illumination,United States,2026-07-23
2022,6,Black Panther: Wakanda Forever,859208836,0.06346608175166273,no,Non-animated,tt9114286,Black Panther: Wakanda Forever,Black Panther: Wakanda Forever,"Action,Adventure,Drama",IMDb genres contains Animation,,https://datasets.imdbws.com/title.basics.tsv.gz,https://www.boxofficemojo.com/releasegroup/gr1340101125/,https://www.boxofficemojo.com/year/world/2022/?sort=rank&sortDir=asc,Q54860489,http://www.wikidata.org/entity/Q54860489,Marvel Studios,United States,2026-07-23
2022,7,The Batman,772245583,0.05704247820728702,no,Non-animated,tt1877830,The Batman,The Batman,"Action,Crime,Drama",IMDb genres contains Animation,,https://datasets.imdbws.com/title.basics.tsv.gz,https://www.boxofficemojo.com/releasegroup/gr2204258821/,https://www.boxofficemojo.com/year/world/2022/?sort=rank&sortDir=asc,Q61117344,http://www.wikidata.org/entity/Q61117344,Warner Bros. Pictures | DC Studios,United States,2026-07-23
2022,8,Thor: Love and Thunder,760928081,0.05620650274118205,no,Non-animated,tt10648342,Thor: Love and Thunder,Thor: Love and Thunder,"Action,Adventure,Comedy",IMDb genres contains Animation,,https://datasets.imdbws.com/title.basics.tsv.gz,https://www.boxofficemojo.com/releasegroup/gr4235022853/,https://www.boxofficemojo.com/year/world/2022/?sort=rank&sortDir=asc,Q65768604,http://www.wikidata.org/entity/Q65768604,,United States,2026-07-23
2022,9,Water Gate Bridge,626571697,0.04628217131728851,no,Non-animated,tt16194408,Water Gate Bridge,Chang jin hu: Shui men qiao,"Action,Drama,History",IMDb genres contains Animation,,https://datasets.imdbws.com/title.basics.tsv.gz,https://www.boxofficemojo.com/releasegroup/gr1505055237/,https://www.boxofficemojo.com/year/world/2022/?sort=rank&sortDir=asc,Q110795632,http://www.wikidata.org/entity/Q110795632,Shanghai Film Group | August First Film Studio | Huaxia Film Distribution | Damai Entertainment,People's Republic of China,2026-07-23
2022,10,Puss in Boots: The Last Wish,480466413,0.035489998902183253,yes,Animated,tt3915174,Puss in Boots: The Last Wish,Puss in Boots: The Last Wish,"Action,Adventure,Animation",IMDb genres contains Animation,,https://datasets.imdbws.com/title.basics.tsv.gz,https://www.boxofficemojo.com/releasegroup/gr3300413957/,https://www.boxofficemojo.com/year/world/2022/?sort=rank&sortDir=asc,Q31271384,http://www.wikidata.org/entity/Q31271384,Universal Pictures | DreamWorks Animation,United States,2026-07-23
2022,11,Moon Man,460237662,0.03399578758718226,no,Non-animated,tt14557302,Moon Man,Du xing yue qiu,"Comedy,Sci-Fi",IMDb genres contains Animation,,https://datasets.imdbws.com/title.basics.tsv.gz,https://www.boxofficemojo.com/releasegroup/gr915165701/,https://www.boxofficemojo.com/year/world/2022/?sort=rank&sortDir=asc,Q113353851,http://www.wikidata.org/entity/Q113353851,,People's Republic of China,2026-07-23
2022,12,Fantastic Beasts: The Secrets of Dumbledore,407150844,0.030074491401718407,no,Non-animated,tt4123432,Fantastic Beasts: The Secrets of Dumbledore,Fantastic Beasts: The Secrets of Dumbledore,"Adventure,Fantasy",IMDb genres contains Animation,,https://datasets.imdbws.com/title.basics.tsv.gz,https://www.boxofficemojo.com/releasegroup/gr1221480965/,https://www.boxofficemojo.com/year/world/2022/?sort=rank&sortDir=asc,Q18199332,http://www.wikidata.org/entity/Q18199332,Warner Bros. Entertainment | Heyday Films,United States | United Kingdom,2026-07-23
2022,13,Uncharted,407141258,0.03007378332489915,no,Non-animated,tt1464335,Uncharted,Uncharted,"Action,Adventure",IMDb genres contains Animation,,https://datasets.imdbws.com/title.basics.tsv.gz,https://www.boxofficemojo.com/releasegroup/gr3224261125/,https://www.boxofficemojo.com/year/world/2022/?sort=rank&sortDir=asc,Q67171881,http://www.wikidata.org/entity/Q67171881,,United States,2026-07-23
2022,14,Sonic the Hedgehog 2,405421518,0.029946753486682257,no,Non-animated,tt12412888,Sonic the Hedgehog 2,Sonic the Hedgehog 2,"Action,Adventure,Comedy",IMDb genres contains Animation,,https://datasets.imdbws.com/title.basics.tsv.gz,https://www.boxofficemojo.com/releasegroup/gr614552069/,https://www.boxofficemojo.com/year/world/2022/?sort=rank&sortDir=asc,Q105970894,http://www.wikidata.org/entity/Q105970894,Paramount Pictures | Original Film | Blur Studio | Marza Animation Planet,United States,2026-07-23
2022,15,Black Adam,393452111,0.029062624586521688,no,Non-animated,tt6443346,Black Adam,Black Adam,"Action,Adventure,Fantasy",IMDb genres contains Animation,,https://datasets.imdbws.com/title.basics.tsv.gz,https://www.boxofficemojo.com/releasegroup/gr800018949/,https://www.boxofficemojo.com/year/world/2022/?sort=rank&sortDir=asc,Q28657013,http://www.wikidata.org/entity/Q28657013,New Line Cinema | Warner Bros. Entertainment | DC Entertainment | DC Studios | Seven Bucks Productions,United States,2026-07-23
2022,16,Elvis,287740048,0.021254126638887778,no,Non-animated,tt3704428,Elvis,Elvis,"Biography,Drama,Music",IMDb genres contains Animation,,https://datasets.imdbws.com/title.basics.tsv.gz,https://www.boxofficemojo.com/releasegroup/gr4112339461/,https://www.boxofficemojo.com/year/world/2022/?sort=rank&sortDir=asc,Q84362533,http://www.wikidata.org/entity/Q84362533,Q65557474,United States | Australia,2026-07-23
2022,17,The Bad Guys,250387888,0.018495082340417378,yes,Animated,tt8115900,The Bad Guys,The Bad Guys,"Adventure,Animation,Comedy",IMDb genres contains Animation,,https://datasets.imdbws.com/title.basics.tsv.gz,https://www.boxofficemojo.com/releasegroup/gr636375557/,https://www.boxofficemojo.com/year/world/2022/?sort=rank&sortDir=asc,Q97288428,http://www.wikidata.org/entity/Q97288428,DreamWorks Animation,United States,2026-07-23
2022,18,The First Slam Dunk,246868956,0.018235153884571583,yes,Animated,tt15242330,The First Slam Dunk,Za Fâsuto Suramu Danku,"Animation,Comedy,Drama",IMDb genres contains Animation,,https://datasets.imdbws.com/title.basics.tsv.gz,https://www.boxofficemojo.com/releasegroup/gr512184837/,https://www.boxofficemojo.com/year/world/2022/?sort=rank&sortDir=asc,Q112897629,http://www.wikidata.org/entity/Q112897629,Toei Animation | DandeLion Animation Studio,Japan,2026-07-23
2022,19,Bullet Train,239268602,0.017673748242433174,no,Non-animated,tt12593682,Bullet Train,Bullet Train,"Action,Comedy,Thriller",IMDb genres contains Animation,,https://datasets.imdbws.com/title.basics.tsv.gz,https://www.boxofficemojo.com/releasegroup/gr2109559301/,https://www.boxofficemojo.com/year/world/2022/?sort=rank&sortDir=asc,Q99900595,http://www.wikidata.org/entity/Q99900595,Sony Pictures | 87North Productions,Japan | United States,2026-07-23
2022,20,Lightyear,226425420,0.016725077320287905,yes,Animated,tt10298810,Lightyear,Lightyear,"Action,Adventure,Animation",IMDb genres contains Animation,,https://datasets.imdbws.com/title.basics.tsv.gz,https://www.boxofficemojo.com/releasegroup/gr800805381/,https://www.boxofficemojo.com/year/world/2022/?sort=rank&sortDir=asc,Q104409060,http://www.wikidata.org/entity/Q104409060,The Walt Disney Company | Pixar | Walt Disney Pictures,United States,2026-07-23
2023,1,Barbie,1447138421,0.10971754350332394,no,Non-animated,tt1517268,Barbie,Barbie,"Adventure,Comedy,Fantasy",IMDb genres contains Animation,,https://datasets.imdbws.com/title.basics.tsv.gz,https://www.boxofficemojo.com/releasegroup/gr629756421/,https://www.boxofficemojo.com/year/world/2023/?sort=rank&sortDir=asc,Q55436290,http://www.wikidata.org/entity/Q55436290,Heyday Films | LuckyChap Entertainment | Mattel Films,United States | United Kingdom,2026-07-23
2023,2,The Super Mario Bros. Movie,1360783214,0.1031703597348121,yes,Animated,tt6718170,The Super Mario Bros. Movie,The Super Mario Bros. Movie,"Adventure,Animation,Comedy",IMDb genres contains Animation,,https://datasets.imdbws.com/title.basics.tsv.gz,https://www.boxofficemojo.com/releasegroup/gr2226213381/,https://www.boxofficemojo.com/year/world/2023/?sort=rank&sortDir=asc,Q108671102,http://www.wikidata.org/entity/Q108671102,Nintendo | Illumination,United States,2026-07-23
2023,3,Oppenheimer,975811333,0.07398298657946006,no,Non-animated,tt15398776,Oppenheimer,Oppenheimer,"Biography,Drama,History",IMDb genres contains Animation,,https://datasets.imdbws.com/title.basics.tsv.gz,https://www.boxofficemojo.com/releasegroup/gr531714565/,https://www.boxofficemojo.com/year/world/2023/?sort=rank&sortDir=asc,Q108839994,http://www.wikidata.org/entity/Q108839994,Universal Pictures | Syncopy Inc. | Atlas Entertainment,United States | United Kingdom,2026-07-23
2023,4,Guardians of the Galaxy Vol. 3,845555777,0.06410741460611416,no,Non-animated,tt6791350,Guardians of the Galaxy Vol. 3,Guardians of the Galaxy Vol. 3,"Action,Adventure,Comedy",IMDb genres contains Animation,,https://datasets.imdbws.com/title.basics.tsv.gz,https://www.boxofficemojo.com/releasegroup/gr1455378949/,https://www.boxofficemojo.com/year/world/2023/?sort=rank&sortDir=asc,Q29226331,http://www.wikidata.org/entity/Q29226331,Marvel Studios | Walt Disney Studios Motion Pictures,United States,2026-07-23
2023,5,Fast X,704875015,0.05344143587123282,no,Non-animated,tt5433140,Fast X,Fast X,"Action,Adventure,Crime",IMDb genres contains Animation,,https://datasets.imdbws.com/title.basics.tsv.gz,https://www.boxofficemojo.com/releasegroup/gr1410486789/,https://www.boxofficemojo.com/year/world/2023/?sort=rank&sortDir=asc,Q31271369,http://www.wikidata.org/entity/Q31271369,,United States,2026-07-23
2023,6,Spider-Man: Across the Spider-Verse,690542303,0.05235477413275589,yes,Animated,tt9362722,Spider-Man: Across the Spider-Verse,Spider-Man: Across the Spider-Verse,"Action,Adventure,Animation",IMDb genres contains Animation,,https://datasets.imdbws.com/title.basics.tsv.gz,https://www.boxofficemojo.com/releasegroup/gr3501150725/,https://www.boxofficemojo.com/year/world/2023/?sort=rank&sortDir=asc,Q76448600,http://www.wikidata.org/entity/Q76448600,Columbia Pictures | Marvel Entertainment | Sony Pictures Animation,United States,2026-07-23
2023,7,Full River Red,670491959,0.05083461928222234,no,Non-animated,tt21148018,Full River Red,Manjianghong,"Comedy,Drama,History",IMDb genres contains Animation,,https://datasets.imdbws.com/title.basics.tsv.gz,https://www.boxofficemojo.com/releasegroup/gr2694533637/,https://www.boxofficemojo.com/year/world/2023/?sort=rank&sortDir=asc,Q115921533,http://www.wikidata.org/entity/Q115921533,,People's Republic of China,2026-07-23
2023,8,Wonka,634502312,0.04810599595007202,no,Non-animated,tt6166392,Wonka,Wonka,"Adventure,Comedy,Family",IMDb genres contains Animation,,https://datasets.imdbws.com/title.basics.tsv.gz,https://www.boxofficemojo.com/releasegroup/gr851071493/,https://www.boxofficemojo.com/year/world/2023/?sort=rank&sortDir=asc,Q108456719,http://www.wikidata.org/entity/Q108456719,Warner Bros. Entertainment | Heyday Films,Canada | United States | United Kingdom,2026-07-23
2023,9,The Wandering Earth II,615023132,0.04662914498125991,no,Non-animated,tt13539646,The Wandering Earth II,Liú Làng Dì Qiú 2,"Action,Adventure,Drama",IMDb genres contains Animation,,https://datasets.imdbws.com/title.basics.tsv.gz,https://www.boxofficemojo.com/releasegroup/gr25580037/,https://www.boxofficemojo.com/year/world/2023/?sort=rank&sortDir=asc,Q108659445,http://www.wikidata.org/entity/Q108659445,China Film Group Corporation,People's Republic of China,2026-07-23
2023,10,Mission: Impossible - Dead Reckoning Part One,571125435,0.04330095784283466,no,Non-animated,tt9603212,Mission: Impossible - Dead Reckoning Part One,Mission: Impossible - Dead Reckoning Part One,"Action,Adventure,Thriller",IMDb genres contains Animation,,https://datasets.imdbws.com/title.basics.tsv.gz,https://www.boxofficemojo.com/releasegroup/gr2916700677/,https://www.boxofficemojo.com/year/world/2023/?sort=rank&sortDir=asc,Q61876370,http://www.wikidata.org/entity/Q61876370,Paramount Pictures | Skydance Media,United States,2026-07-23
2023,11,The Little Mermaid,569626289,0.04318729724611083,no,Non-animated,tt5971474,The Little Mermaid,The Little Mermaid,"Adventure,Family,Fantasy",IMDb genres contains Animation,,https://datasets.imdbws.com/title.basics.tsv.gz,https://www.boxofficemojo.com/releasegroup/gr951210501/,https://www.boxofficemojo.com/year/world/2023/?sort=rank&sortDir=asc,Q24357415,http://www.wikidata.org/entity/Q24357415,Walt Disney Pictures | Marc Platt Productions | Lucamar Productions | 5000 Broadway Productions,United States,2026-07-23
2023,12,No More Bets,532600264,0.040380098950673786,no,Non-animated,tt28076784,No More Bets,Gu zhu yi zhi,"Crime,Drama",IMDb genres contains Animation,,https://datasets.imdbws.com/title.basics.tsv.gz,https://www.boxofficemojo.com/releasegroup/gr3332133381/,https://www.boxofficemojo.com/year/world/2023/?sort=rank&sortDir=asc,Q121438250,http://www.wikidata.org/entity/Q121438250,,People's Republic of China,2026-07-23
2023,13,Elemental,496444308,0.03763886658632744,yes,Animated,tt15789038,Elemental,Elemental,"Adventure,Animation,Comedy",IMDb genres contains Animation,,https://datasets.imdbws.com/title.basics.tsv.gz,https://www.boxofficemojo.com/releasegroup/gr1501975045/,https://www.boxofficemojo.com/year/world/2023/?sort=rank&sortDir=asc,Q112801489,http://www.wikidata.org/entity/Q112801489,Pixar | Walt Disney Pictures,United States,2026-07-23
2023,14,Lost in the Stars,487637474,0.0369711597667864,no,Non-animated,tt17507018,Lost in the Stars,Xiao shi de ta,"Crime,Drama,Mystery",IMDb genres contains Animation,,https://datasets.imdbws.com/title.basics.tsv.gz,https://www.boxofficemojo.com/releasegroup/gr1771983365/,https://www.boxofficemojo.com/year/world/2023/?sort=rank&sortDir=asc,Q119861439,http://www.wikidata.org/entity/Q119861439,,People's Republic of China,2026-07-23
2023,15,Ant-Man and the Wasp: Quantumania,476071180,0.03609423925475942,no,Non-animated,tt10954600,Ant-Man and the Wasp: Quantumania,Ant-Man and the Wasp: Quantumania,"Action,Adventure,Comedy",IMDb genres contains Animation,,https://datasets.imdbws.com/title.basics.tsv.gz,https://www.boxofficemojo.com/releasegroup/gr1371492869/,https://www.boxofficemojo.com/year/world/2023/?sort=rank&sortDir=asc,Q105359456,http://www.wikidata.org/entity/Q105359456,Marvel Studios,United States,2026-07-23
2023,16,John Wick: Chapter 4,447142521,0.03390095811712503,no,Non-animated,tt10366206,John Wick: Chapter 4,John Wick: Chapter 4,"Action,Crime,Thriller",IMDb genres contains Animation,,https://datasets.imdbws.com/title.basics.tsv.gz,https://www.boxofficemojo.com/releasegroup/gr1684427269/,https://www.boxofficemojo.com/year/world/2023/?sort=rank&sortDir=asc,Q80322358,http://www.wikidata.org/entity/Q80322358,Summit Entertainment | Thunder Road Pictures | 87North Productions,United States,2026-07-23
2023,17,Transformers: Rise of the Beasts,441656550,0.033485028823067205,no,Non-animated,tt5090568,Transformers: Rise of the Beasts,Transformers: Rise of the Beasts,"Action,Adventure,Sci-Fi",IMDb genres contains Animation,,https://datasets.imdbws.com/title.basics.tsv.gz,https://www.boxofficemojo.com/releasegroup/gr2443334149/,https://www.boxofficemojo.com/year/world/2023/?sort=rank&sortDir=asc,Q107174193,http://www.wikidata.org/entity/Q107174193,Paramount Pictures | DreamWorks | Hasbro | Skydance Media | di Bonaventura Pictures | New Republic Pictures | http://www.wikidata.org/.well-known/genid/d8ae9a6e4711aa16184526de428855e2,United States | Peru,2026-07-23
2023,18,Aquaman and the Lost Kingdom,440181226,0.0333731743364455,no,Non-animated,tt9663764,Aquaman and the Lost Kingdom,Aquaman and the Lost Kingdom,"Action,Adventure,Fantasy",IMDb genres contains Animation,,https://datasets.imdbws.com/title.basics.tsv.gz,https://www.boxofficemojo.com/releasegroup/gr1898140165/,https://www.boxofficemojo.com/year/world/2023/?sort=rank&sortDir=asc,Q91226161,http://www.wikidata.org/entity/Q91226161,Warner Bros. Pictures | The Safran Company | Atomic Monster | DC Studios,United States,2026-07-23
2023,19,Meg 2: The Trench,398500317,0.030213057183792292,no,Non-animated,tt9224104,Meg 2: The Trench,Meg 2: The Trench,"Action,Adventure,Horror",IMDb genres contains Animation,,https://datasets.imdbws.com/title.basics.tsv.gz,https://www.boxofficemojo.com/releasegroup/gr864768517/,https://www.boxofficemojo.com/year/world/2023/?sort=rank&sortDir=asc,Q110842446,http://www.wikidata.org/entity/Q110842446,"Warner Bros. Studios, Leavesden | China Media Capital | Flagship Entertainment",United States | People's Republic of China,2026-07-23
2023,20,Indiana Jones and the Dial of Destiny,383963057,0.02911088725082419,no,Non-animated,tt1462764,Indiana Jones and the Dial of Destiny,Indiana Jones and the Dial of Destiny,"Action,Adventure,Sci-Fi",IMDb genres contains Animation,,https://datasets.imdbws.com/title.basics.tsv.gz,https://www.boxofficemojo.com/releasegroup/gr152719877/,https://www.boxofficemojo.com/year/world/2023/?sort=rank&sortDir=asc,Q24278982,http://www.wikidata.org/entity/Q24278982,Paramount Pictures | Lucasfilm,United States,2026-07-23
2024,1,Inside Out 2,1698863816,0.12988908702907787,yes,Animated,tt22022452,Inside Out 2,Inside Out 2,"Adventure,Animation,Comedy",IMDb genres contains Animation,,https://datasets.imdbws.com/title.basics.tsv.gz,https://www.boxofficemojo.com/releasegroup/gr2474856965/,https://www.boxofficemojo.com/year/world/2024/?sort=rank&sortDir=asc,Q113877606,http://www.wikidata.org/entity/Q113877606,Pixar | Walt Disney Pictures,United States,2026-07-23
2024,2,Deadpool & Wolverine,1338073645,0.10230435335066343,no,Non-animated,tt6263850,Deadpool & Wolverine,Deadpool & Wolverine,"Action,Adventure,Comedy",IMDb genres contains Animation,,https://datasets.imdbws.com/title.basics.tsv.gz,https://www.boxofficemojo.com/releasegroup/gr1015239173/,https://www.boxofficemojo.com/year/world/2024/?sort=rank&sortDir=asc,Q102180106,http://www.wikidata.org/entity/Q102180106,Marvel Studios | 21 Laps Entertainment | Maximum Effort,United States,2026-07-23
2024,3,Moana 2,1059242164,0.08098588970398365,yes,Animated,tt13622970,Moana 2,Moana 2,"Adventure,Animation,Comedy",IMDb genres contains Animation,,https://datasets.imdbws.com/title.basics.tsv.gz,https://www.boxofficemojo.com/releasegroup/gr3446166277/,https://www.boxofficemojo.com/year/world/2024/?sort=rank&sortDir=asc,Q124457266,http://www.wikidata.org/entity/Q124457266,Walt Disney Pictures | Q1047410,United States,2026-07-23
2024,4,Despicable Me 4,972021410,0.0743173009681766,yes,Animated,tt7510222,Despicable Me 4,Despicable Me 4,"Adventure,Animation,Comedy",IMDb genres contains Animation,,https://datasets.imdbws.com/title.basics.tsv.gz,https://www.boxofficemojo.com/releasegroup/gr1052004869/,https://www.boxofficemojo.com/year/world/2024/?sort=rank&sortDir=asc,Q113373276,http://www.wikidata.org/entity/Q113373276,Universal Pictures | Illumination,United States,2026-07-23
2024,5,Wicked,763963597,0.0584099403396678,no,Non-animated,tt1262426,Wicked,Wicked,"Fantasy,Musical,Romance",IMDb genres contains Animation,,https://datasets.imdbws.com/title.basics.tsv.gz,https://www.boxofficemojo.com/releasegroup/gr2907984389/,https://www.boxofficemojo.com/year/world/2024/?sort=rank&sortDir=asc,Q24797403,http://www.wikidata.org/entity/Q24797403,Marc Platt Productions,United States,2026-07-23
2024,6,Mufasa: The Lion King,722631756,0.05524985473294663,yes,Animated,tt13186482,Mufasa: The Lion King,Mufasa: The Lion King,"Adventure,Animation,Drama",IMDb genres contains Animation,,https://datasets.imdbws.com/title.basics.tsv.gz,https://www.boxofficemojo.com/releasegroup/gr816992773/,https://www.boxofficemojo.com/year/world/2024/?sort=rank&sortDir=asc,Q114242678,http://www.wikidata.org/entity/Q114242678,Walt Disney Pictures,United States,2026-07-23
2024,7,Dune: Part Two,714844358,0.05465445797010683,no,Non-animated,tt15239678,Dune: Part Two,Dune: Part Two,"Action,Adventure,Drama",IMDb genres contains Animation,,https://datasets.imdbws.com/title.basics.tsv.gz,https://www.boxofficemojo.com/releasegroup/gr2058375685/,https://www.boxofficemojo.com/year/world/2024/?sort=rank&sortDir=asc,Q109228991,http://www.wikidata.org/entity/Q109228991,Legendary Pictures,Canada | Hungary | United States | Italy | New Zealand | Jordan | United Arab Emirates | The Gambia,2026-07-23
2024,8,Godzilla X Kong: The New Empire,572050016,0.04373691028875818,no,Non-animated,tt14539740,Godzilla X Kong: The New Empire,Godzilla x Kong: The New Empire,"Action,Adventure,Fantasy",IMDb genres contains Animation,,https://datasets.imdbws.com/title.basics.tsv.gz,https://www.boxofficemojo.com/releasegroup/gr2995671557/,https://www.boxofficemojo.com/year/world/2024/?sort=rank&sortDir=asc,Q113360912,http://www.wikidata.org/entity/Q113360912,Legendary Pictures,United States | Australia,2026-07-23
2024,9,Kung Fu Panda 4,547946428,0.041894035651039115,yes,Animated,tt21692408,Kung Fu Panda 4,Kung Fu Panda 4,"Action,Adventure,Animation",IMDb genres contains Animation,,https://datasets.imdbws.com/title.basics.tsv.gz,https://www.boxofficemojo.com/releasegroup/gr361583109/,https://www.boxofficemojo.com/year/world/2024/?sort=rank&sortDir=asc,Q114707487,http://www.wikidata.org/entity/Q114707487,DreamWorks Animation,United States,2026-07-23
2024,10,Sonic the Hedgehog 3,492162604,0.037629002808435584,no,Non-animated,tt18259086,Sonic the Hedgehog 3,Sonic the Hedgehog 3,"Action,Adventure,Comedy",IMDb genres contains Animation,,https://datasets.imdbws.com/title.basics.tsv.gz,https://www.boxofficemojo.com/releasegroup/gr596464133/,https://www.boxofficemojo.com/year/world/2024/?sort=rank&sortDir=asc,Q115859490,http://www.wikidata.org/entity/Q115859490,Paramount Pictures | Original Film | Blur Studio | Sega Sammy Holdings | Marza Animation Planet,Japan | United States,2026-07-23
2024,11,Venom: The Last Dance,478937618,0.03661786740056229,no,Non-animated,tt16366836,Venom: The Last Dance,Venom: The Last Dance,"Action,Fantasy,Horror",IMDb genres contains Animation,,https://datasets.imdbws.com/title.basics.tsv.gz,https://www.boxofficemojo.com/releasegroup/gr1622168069/,https://www.boxofficemojo.com/year/world/2024/?sort=rank&sortDir=asc,Q113371337,http://www.wikidata.org/entity/Q113371337,Columbia Pictures,United States,2026-07-23
2024,12,Gladiator II,462180717,0.035336694329579275,no,Non-animated,tt9218128,Gladiator II,Gladiator II,"Adventure,Drama",IMDb genres contains Animation,,https://datasets.imdbws.com/title.basics.tsv.gz,https://www.boxofficemojo.com/releasegroup/gr293949957/,https://www.boxofficemojo.com/year/world/2024/?sort=rank&sortDir=asc,Q115789958,http://www.wikidata.org/entity/Q115789958,Paramount Pictures | Universal Pictures | DreamWorks | Scott Free Productions | Red Wagon Entertainment,United States | United Kingdom,2026-07-23
2024,13,Beetlejuice Beetlejuice,452000435,0.03455834616404359,no,Non-animated,tt2049403,Beetlejuice Beetlejuice,Beetlejuice Beetlejuice,"Comedy,Fantasy,Horror",IMDb genres contains Animation,,https://datasets.imdbws.com/title.basics.tsv.gz,https://www.boxofficemojo.com/releasegroup/gr3784856069/,https://www.boxofficemojo.com/year/world/2024/?sort=rank&sortDir=asc,Q112865900,http://www.wikidata.org/entity/Q112865900,Plan B Entertainment | Tim Burton Productions,United States,2026-07-23
2024,14,Yolo,433606094,0.03315198025260933,no,Non-animated,tt28151876,Yolo,Re la gun tang,"Action,Comedy,Drama",IMDb genres contains Animation,,https://datasets.imdbws.com/title.basics.tsv.gz,https://www.boxofficemojo.com/releasegroup/gr1905545733/,https://www.boxofficemojo.com/year/world/2024/?sort=rank&sortDir=asc,Q124487214,http://www.wikidata.org/entity/Q124487214,,People's Republic of China,2026-07-23
2024,15,Pegasus 2,422878491,0.03233178586942376,no,Non-animated,tt30829309,Pegasus 2,Fei chi ren sheng 2,"Comedy,Drama,Sport",IMDb genres contains Animation,,https://datasets.imdbws.com/title.basics.tsv.gz,https://www.boxofficemojo.com/releasegroup/gr2677363205/,https://www.boxofficemojo.com/year/world/2024/?sort=rank&sortDir=asc,Q124326642,http://www.wikidata.org/entity/Q124326642,,People's Republic of China,2026-07-23
2024,16,Successor,422307398,0.03228812212917567,no,Non-animated,tt32613601,Successor,Zhua wa wa,"Comedy,Drama",IMDb genres contains Animation,,https://datasets.imdbws.com/title.basics.tsv.gz,https://www.boxofficemojo.com/releasegroup/gr2657112837/,https://www.boxofficemojo.com/year/world/2024/?sort=rank&sortDir=asc,Q126942991,http://www.wikidata.org/entity/Q126942991,,People's Republic of China,2026-07-23
2024,17,Bad Boys: Ride or Die,404550184,0.030930468682844364,no,Non-animated,tt4919268,Bad Boys: Ride or Die,Bad Boys: Ride or Die,"Action,Adventure,Comedy",IMDb genres contains Animation,,https://datasets.imdbws.com/title.basics.tsv.gz,https://www.boxofficemojo.com/releasegroup/gr127816197/,https://www.boxofficemojo.com/year/world/2024/?sort=rank&sortDir=asc,Q31271357,http://www.wikidata.org/entity/Q31271357,Columbia Pictures | Sony Pictures | Q17305144,United States,2026-07-23
2024,18,Kingdom of the Planet of the Apes,397378150,0.030382120463506277,no,Non-animated,tt11389872,Kingdom of the Planet of the Apes,Kingdom of the Planet of the Apes,"Action,Adventure,Drama",IMDb genres contains Animation,,https://datasets.imdbws.com/title.basics.tsv.gz,https://www.boxofficemojo.com/releasegroup/gr850547205/,https://www.boxofficemojo.com/year/world/2024/?sort=rank&sortDir=asc,Q114314695,http://www.wikidata.org/entity/Q114314695,20th Century Studios | Chernin Entertainment,United States,2026-07-23
2024,19,Twisters,372262265,0.028461849196408248,no,Non-animated,tt12584954,Twisters,Twisters,"Action,Adventure,Thriller",IMDb genres contains Animation,,https://datasets.imdbws.com/title.basics.tsv.gz,https://www.boxofficemojo.com/releasegroup/gr3179696645/,https://www.boxofficemojo.com/year/world/2024/?sort=rank&sortDir=asc,Q115932556,http://www.wikidata.org/entity/Q115932556,Warner Bros. Entertainment | Universal Pictures | DreamWorks | Amblin Entertainment | The Kennedy/Marshall Company,United States,2026-07-23
2024,20,It Ends with Us,351441044,0.026869932668991514,no,Non-animated,tt10655524,It Ends with Us,It Ends with Us,"Drama,Romance",IMDb genres contains Animation,,https://datasets.imdbws.com/title.basics.tsv.gz,https://www.boxofficemojo.com/releasegroup/gr2879279621/,https://www.boxofficemojo.com/year/world/2024/?sort=rank&sortDir=asc,Q118641054,http://www.wikidata.org/entity/Q118641054,,United States,2026-07-23
2025,1,Ne Zha 2,2267446370,0.1433030337980983,yes,Animated,tt34956443,Ne Zha 2,Nezha: Mo tong nao hai,"Action,Adventure,Animation",IMDb genres contains Animation,,https://datasets.imdbws.com/title.basics.tsv.gz,https://www.boxofficemojo.com/releasegroup/gr2405716741/,https://www.boxofficemojo.com/year/world/2025/?sort=rank&sortDir=asc,Q131937861,http://www.wikidata.org/entity/Q131937861,Beijing Enlight Pictures | Beijing Enlight Media,People's Republic of China,2026-07-23
2025,2,Zootopia 2,1866647950,0.11797249884591576,yes,Animated,tt26443597,Zootopia 2,Zootopia 2,"Adventure,Animation,Comedy",IMDb genres contains Animation,,https://datasets.imdbws.com/title.basics.tsv.gz,https://www.boxofficemojo.com/releasegroup/gr2845135365/,https://www.boxofficemojo.com/year/world/2025/?sort=rank&sortDir=asc,Q116764712,http://www.wikidata.org/entity/Q116764712,Walt Disney Pictures | Q1047410,United States,2026-07-23
2025,3,Avatar: Fire and Ash,1485999890,0.09391547040675557,no,Non-animated,tt1757678,Avatar: Fire and Ash,Avatar: Fire and Ash,"Action,Adventure,Drama",IMDb genres contains Animation,,https://datasets.imdbws.com/title.basics.tsv.gz,https://www.boxofficemojo.com/releasegroup/gr2771014149/,https://www.boxofficemojo.com/year/world/2025/?sort=rank&sortDir=asc,Q29580929,http://www.wikidata.org/entity/Q29580929,20th Century Studios | Lightstorm Entertainment,United States,2026-07-23
2025,4,Lilo & Stitch,1038027526,0.06560353338885556,no,Non-animated,tt11655566,Lilo & Stitch,Lilo & Stitch,"Action,Adventure,Comedy",IMDb genres contains Animation,,https://datasets.imdbws.com/title.basics.tsv.gz,https://www.boxofficemojo.com/releasegroup/gr1868714757/,https://www.boxofficemojo.com/year/world/2025/?sort=rank&sortDir=asc,Q59395971,http://www.wikidata.org/entity/Q59395971,Walt Disney Pictures | Rideback,United States,2026-07-23
2025,5,A Minecraft Movie,960387780,0.06069668695036019,no,Non-animated,tt3566834,A Minecraft Movie,A Minecraft Movie,"Action,Adventure,Comedy",IMDb genres contains Animation,,https://datasets.imdbws.com/title.basics.tsv.gz,https://www.boxofficemojo.com/releasegroup/gr1926910469/,https://www.boxofficemojo.com/year/world/2025/?sort=rank&sortDir=asc,Q40083273,http://www.wikidata.org/entity/Q40083273,Legendary Pictures | Mojang Studios | Vertigo Entertainment,United States | Sweden,2026-07-23
2025,6,Jurassic World: Rebirth,869146189,0.05493020136910905,no,Non-animated,tt31036941,Jurassic World: Rebirth,Jurassic World: Rebirth,"Action,Adventure,Sci-Fi",IMDb genres contains Animation,,https://datasets.imdbws.com/title.basics.tsv.gz,https://www.boxofficemojo.com/releasegroup/gr4002763269/,https://www.boxofficemojo.com/year/world/2025/?sort=rank&sortDir=asc,Q124380480,http://www.wikidata.org/entity/Q124380480,Amblin Entertainment | The Kennedy/Marshall Company,United States,2026-07-23
2025,7,Demon Slayer: Kimetsu No Yaiba Infinity Castle,793498985,0.050149283956917444,yes,Animated,tt32820897,Demon Slayer: Kimetsu No Yaiba Infinity Castle,Gekijô-ban Kimetsu no Yaiba Mugen Jô-hen,"Action,Adventure,Animation",IMDb genres contains Animation,,https://datasets.imdbws.com/title.basics.tsv.gz,https://www.boxofficemojo.com/releasegroup/gr342119173/,https://www.boxofficemojo.com/year/world/2025/?sort=rank&sortDir=asc,Q126948105,http://www.wikidata.org/entity/Q126948105,Ufotable,Japan,2026-07-23
2025,8,How to Train Your Dragon,636596299,0.04023300491616095,no,Non-animated,tt26743210,How to Train Your Dragon,How to Train Your Dragon,"Action,Adventure,Comedy",IMDb genres contains Animation,,https://datasets.imdbws.com/title.basics.tsv.gz,https://www.boxofficemojo.com/releasegroup/gr2474922501/,https://www.boxofficemojo.com/year/world/2025/?sort=rank&sortDir=asc,Q118904382,http://www.wikidata.org/entity/Q118904382,DreamWorks | DreamWorks Animation | Marc Platt Productions,United States,2026-07-23
2025,9,F1: The Movie,634142436,0.04007792031655257,no,Non-animated,tt16311594,F1: The Movie,F1,"Drama,Sport",IMDb genres contains Animation,,https://datasets.imdbws.com/title.basics.tsv.gz,https://www.boxofficemojo.com/releasegroup/gr4100936453/,https://www.boxofficemojo.com/year/world/2025/?sort=rank&sortDir=asc,Q114246242,http://www.wikidata.org/entity/Q114246242,Plan B Entertainment | Q17305144 | Q108570460,United States,2026-07-23
2025,10,Superman,618723803,0.03910345983309714,no,Non-animated,tt5950044,Superman,Superman,"Action,Adventure,Sci-Fi",IMDb genres contains Animation,,https://datasets.imdbws.com/title.basics.tsv.gz,https://www.boxofficemojo.com/releasegroup/gr746934789/,https://www.boxofficemojo.com/year/world/2025/?sort=rank&sortDir=asc,Q116547790,http://www.wikidata.org/entity/Q116547790,DC Studios,United States,2026-07-23
2025,11,Mission: Impossible - The Final Reckoning,598767057,0.03784218976101245,no,Non-animated,tt9603208,Mission: Impossible - The Final Reckoning,Mission: Impossible - The Final Reckoning,"Action,Adventure,Thriller",IMDb genres contains Animation,,https://datasets.imdbws.com/title.basics.tsv.gz,https://www.boxofficemojo.com/releasegroup/gr1885491717/,https://www.boxofficemojo.com/year/world/2025/?sort=rank&sortDir=asc,Q61876374,http://www.wikidata.org/entity/Q61876374,Paramount Pictures,United States | United Kingdom,2026-07-23
2025,12,Wicked: For Good,540807971,0.03417916470787089,no,Non-animated,tt19847976,Wicked: For Good,Wicked: For Good,"Drama,Family,Fantasy",IMDb genres contains Animation,,https://datasets.imdbws.com/title.basics.tsv.gz,https://www.boxofficemojo.com/releasegroup/gr1233736197/,https://www.boxofficemojo.com/year/world/2025/?sort=rank&sortDir=asc,Q114817050,http://www.wikidata.org/entity/Q114817050,Marc Platt Productions,United States,2026-07-23
2025,13,The Fantastic Four: First Steps,521858728,0.03298156901343452,no,Non-animated,tt10676052,The Fantastic Four: First Steps,The Fantastic Four: First Steps,"Action,Adventure,Sci-Fi",IMDb genres contains Animation,,https://datasets.imdbws.com/title.basics.tsv.gz,https://www.boxofficemojo.com/releasegroup/gr2727170565/,https://www.boxofficemojo.com/year/world/2025/?sort=rank&sortDir=asc,Q105105219,http://www.wikidata.org/entity/Q105105219,Marvel Studios,United States,2026-07-23
2025,14,Detective Chinatown 1900,500282092,0.03161792159100077,no,Non-animated,tt34463310,Detective Chinatown 1900,Tang tan 1900,"Comedy,Drama,Mystery",IMDb genres contains Animation,,https://datasets.imdbws.com/title.basics.tsv.gz,https://www.boxofficemojo.com/releasegroup/gr258298629/,https://www.boxofficemojo.com/year/world/2025/?sort=rank&sortDir=asc,Q131522509,http://www.wikidata.org/entity/Q131522509,China Film Group Corporation | Wanda Media | Tianjin Maoyan Weiying Culture Media,People's Republic of China,2026-07-23
2025,15,The Conjuring: Last Rites,499256445,0.03155310050916591,no,Non-animated,tt22898462,The Conjuring: Last Rites,The Conjuring: Last Rites,"Horror,Mystery,Thriller",IMDb genres contains Animation,,https://datasets.imdbws.com/title.basics.tsv.gz,https://www.boxofficemojo.com/releasegroup/gr3044233989/,https://www.boxofficemojo.com/year/world/2025/?sort=rank&sortDir=asc,Q114802043,http://www.wikidata.org/entity/Q114802043,New Line Cinema | The Safran Company | Atomic Monster,United States,2026-07-23
2025,16,Dead to Rights,422789550,0.026720378472780713,no,Non-animated,tt36598036,Dead to Rights,Nan Jing zhao xiang guan,"Drama,History,War",IMDb genres contains Animation,,https://datasets.imdbws.com/title.basics.tsv.gz,https://www.boxofficemojo.com/releasegroup/gr3229373189/,https://www.boxofficemojo.com/year/world/2025/?sort=rank&sortDir=asc,Q135110330,http://www.wikidata.org/entity/Q135110330,"China Film Group Co.,Ltd.",People's Republic of China,2026-07-23
2025,17,Captain America: Brave New World,415101577,0.026234497144236715,no,Non-animated,tt14513804,Captain America: Brave New World,Captain America: Brave New World,"Action,Adventure,Sci-Fi",IMDb genres contains Animation,,https://datasets.imdbws.com/title.basics.tsv.gz,https://www.boxofficemojo.com/releasegroup/gr2894942725/,https://www.boxofficemojo.com/year/world/2025/?sort=rank&sortDir=asc,Q112322116,http://www.wikidata.org/entity/Q112322116,Marvel Studios,United States,2026-07-23
2025,18,The Housemaid,400530884,0.025313626627047496,no,Non-animated,tt27543632,The Housemaid,The Housemaid,"Drama,Mystery,Thriller",IMDb genres contains Animation,,https://datasets.imdbws.com/title.basics.tsv.gz,https://www.boxofficemojo.com/releasegroup/gr3966128901/,https://www.boxofficemojo.com/year/world/2025/?sort=rank&sortDir=asc,Q131630491,http://www.wikidata.org/entity/Q131630491,,United States,2026-07-23
2025,19,Thunderbolts*,382436917,0.02417008453544659,no,Non-animated,tt20969586,Thunderbolts*,Thunderbolts*,"Action,Adventure,Crime",IMDb genres contains Animation,,https://datasets.imdbws.com/title.basics.tsv.gz,https://www.boxofficemojo.com/releasegroup/gr2911719941/,https://www.boxofficemojo.com/year/world/2025/?sort=rank&sortDir=asc,Q112322474,http://www.wikidata.org/entity/Q112322474,Marvel Studios,United States,2026-07-23
2025,20,Sinners,370289632,0.023402373856181383,no,Non-animated,tt31193180,Sinners,Sinners,Horror,IMDb genres contains Animation,,https://datasets.imdbws.com/title.basics.tsv.gz,https://www.boxofficemojo.com/releasegroup/gr3429585669/,https://www.boxofficemojo.com/year/world/2025/?sort=rank&sortDir=asc,Q125473145,http://www.wikidata.org/entity/Q125473145,Proximity Media,United States,2026-07-23
