year,rank,title,worldwide_gross_usd,is_animated,imdb_id,wikidata_qid,wikidata_url,wikidata_label,wikidata_instance_of,wikidata_genres,wikidata_countries,wikidata_production_companies,wikidata_original_languages,wikidata_join_property,wikidata_query_service_url,wikidata_retrieved,wikidata_license,boxofficemojo_release_group_url,annual_ranking_source_url
2016,1,Captain America: Civil War,1153296293,no,tt3498820,Q18407657,http://www.wikidata.org/entity/Q18407657,Captain America: Civil War,film,superhero film,United States,Marvel Studios,English,P345 (IMDb ID),https://query.wikidata.org/sparql,2026-07-23,CC0 1.0,https://www.boxofficemojo.com/releasegroup/gr2136297989/,https://www.boxofficemojo.com/year/world/2016/?sort=rank&sortDir=asc
2016,2,Rogue One: A Star Wars Story,1056057273,no,tt3748528,Q19590955,http://www.wikidata.org/entity/Q19590955,Rogue One: A Star Wars Story,film,fantasy film | action film | war film | space opera | science fiction film,United States,Lucasfilm,English,P345 (IMDb ID),https://query.wikidata.org/sparql,2026-07-23,CC0 1.0,https://www.boxofficemojo.com/releasegroup/gr384520709/,https://www.boxofficemojo.com/year/world/2016/?sort=rank&sortDir=asc
2016,3,Finding Dory,1028570889,yes,tt2277860,Q9321426,http://www.wikidata.org/entity/Q9321426,Finding Dory,animated film,comedy film | adventure film | comedy drama | family film | flashback film,United States,Pixar | Walt Disney Pictures,English,P345 (IMDb ID),https://query.wikidata.org/sparql,2026-07-23,CC0 1.0,https://www.boxofficemojo.com/releasegroup/gr1869238789/,https://www.boxofficemojo.com/year/world/2016/?sort=rank&sortDir=asc
2016,4,Zootopia,1023784195,yes,tt2948356,Q15270647,http://www.wikidata.org/entity/Q15270647,Zootopia,animated film,comedy film | adventure film | family film | action comedy film | buddy cop film | detective film,United States,Walt Disney Pictures | Q1047410,English,P345 (IMDb ID),https://query.wikidata.org/sparql,2026-07-23,CC0 1.0,https://www.boxofficemojo.com/releasegroup/gr1680691717/,https://www.boxofficemojo.com/year/world/2016/?sort=rank&sortDir=asc
2016,5,The Jungle Book,966550600,no,tt3040964,Q16857406,http://www.wikidata.org/entity/Q16857406,The Jungle Book,film,drama film | fantasy film | action film | adventure film | live action,United States,Walt Disney Pictures | Shepperton Studios | Disney Character Voices International | Fairview Entertainment | SDI Media Iberia,English,P345 (IMDb ID),https://query.wikidata.org/sparql,2026-07-23,CC0 1.0,https://www.boxofficemojo.com/releasegroup/gr1103385093/,https://www.boxofficemojo.com/year/world/2016/?sort=rank&sortDir=asc
2016,6,The Secret Life of Pets,875697467,yes,tt2709768,Q18844656,http://www.wikidata.org/entity/Q18844656,The Secret Life of Pets,film | animated film,comedy film | adventure film | family film,United States,Illumination,English,P345 (IMDb ID),https://query.wikidata.org/sparql,2026-07-23,CC0 1.0,https://www.boxofficemojo.com/releasegroup/gr4228141573/,https://www.boxofficemojo.com/year/world/2016/?sort=rank&sortDir=asc
2016,7,Batman v Superman: Dawn of Justice,874360194,no,tt2975590,Q14772351,http://www.wikidata.org/entity/Q14772351,Batman v Superman: Dawn of Justice,film | cut,superhero film | crossover fiction,United States,The Stone Quarry | DC Entertainment | RatPac-Dune Entertainment,English,P345 (IMDb ID),https://query.wikidata.org/sparql,2026-07-23,CC0 1.0,https://www.boxofficemojo.com/releasegroup/gr4182135301/,https://www.boxofficemojo.com/year/world/2016/?sort=rank&sortDir=asc
2016,8,Fantastic Beasts and Where to Find Them,816037575,no,tt3183660,Q18199330,http://www.wikidata.org/entity/Q18199330,Fantastic Beasts and Where to Find Them,film,drama film | fantasy film | adventure film | children's film,United States | United Kingdom,Warner Bros. Entertainment | Heyday Films | Q65557474,English,P345 (IMDb ID),https://query.wikidata.org/sparql,2026-07-23,CC0 1.0,https://www.boxofficemojo.com/releasegroup/gr3670495749/,https://www.boxofficemojo.com/year/world/2016/?sort=rank&sortDir=asc
2016,9,Deadpool,782612155,no,tt1431045,Q19347291,http://www.wikidata.org/entity/Q19347291,Deadpool,film,action film | erotic film | superhero film | black comedy film,United States,Marvel Entertainment | The Donners' Company | TSG Entertainment | Genre Films,English,P345 (IMDb ID),https://query.wikidata.org/sparql,2026-07-23,CC0 1.0,https://www.boxofficemojo.com/releasegroup/gr2532200965/,https://www.boxofficemojo.com/year/world/2016/?sort=rank&sortDir=asc
2016,10,Suicide Squad,749200054,no,tt1386697,Q18604504,http://www.wikidata.org/entity/Q18604504,Suicide Squad,film,fantasy film | action film | adventure film | science fiction film | prison film | superhero film | vigilante film,United States,RatPac-Dune Entertainment | DC Studios,English,P345 (IMDb ID),https://query.wikidata.org/sparql,2026-07-23,CC0 1.0,https://www.boxofficemojo.com/releasegroup/gr457593349/,https://www.boxofficemojo.com/year/world/2016/?sort=rank&sortDir=asc
2016,11,Doctor Strange,677718395,no,tt1211837,Q18406872,http://www.wikidata.org/entity/Q18406872,Doctor Strange,film,fantasy film | action film | adventure film | science fiction film | superhero film,United States,Marvel Studios,English,P345 (IMDb ID),https://query.wikidata.org/sparql,2026-07-23,CC0 1.0,https://www.boxofficemojo.com/releasegroup/gr2284737029/,https://www.boxofficemojo.com/year/world/2016/?sort=rank&sortDir=asc
2016,12,Moana,643331111,yes,tt3521164,Q18647981,http://www.wikidata.org/entity/Q18647981,Moana,animated film,comedy film | action film | adventure film | musical film | comedy drama,United States,Walt Disney Pictures | Q1047410,English,P345 (IMDb ID),https://query.wikidata.org/sparql,2026-07-23,CC0 1.0,https://www.boxofficemojo.com/releasegroup/gr1742623237/,https://www.boxofficemojo.com/year/world/2016/?sort=rank&sortDir=asc
2016,13,Sing,634151679,yes,tt3470600,Q20762698,http://www.wikidata.org/entity/Q20762698,Sing,animated film,drama film | comedy film | musical film | family film,United States,Universal Pictures | Illumination,English,P345 (IMDb ID),https://query.wikidata.org/sparql,2026-07-23,CC0 1.0,https://www.boxofficemojo.com/releasegroup/gr3642970629/,https://www.boxofficemojo.com/year/world/2016/?sort=rank&sortDir=asc
2016,14,The Mermaid,553810228,no,tt4701660,Q21834546,http://www.wikidata.org/entity/Q21834546,The Mermaid,film,fantasy film | comedy film,People's Republic of China | Hong Kong,China Film Group Corporation,Putonghua,P345 (IMDb ID),https://query.wikidata.org/sparql,2026-07-23,CC0 1.0,https://www.boxofficemojo.com/releasegroup/gr719016453/,https://www.boxofficemojo.com/year/world/2016/?sort=rank&sortDir=asc
2016,15,X-Men: Apocalypse,543934105,no,tt3385516,Q17042878,http://www.wikidata.org/entity/Q17042878,X-Men: Apocalypse,film,fantasy film | science fiction film | superhero film | science fiction action film | apocalyptic film,United States,20th Century Studios | Bad Hat Harry Productions | Marvel Entertainment | The Donners' Company | TSG Entertainment,German | Polish | English | Russian | Arabic,P345 (IMDb ID),https://query.wikidata.org/sparql,2026-07-23,CC0 1.0,https://www.boxofficemojo.com/releasegroup/gr2590724613/,https://www.boxofficemojo.com/year/world/2016/?sort=rank&sortDir=asc
2016,16,Kung Fu Panda 3,521170825,yes,tt2267968,Q15055043,http://www.wikidata.org/entity/Q15055043,Kung Fu Panda 3,animated film,comedy film | action film | adventure film | martial arts film | children's film,United States | People's Republic of China,DreamWorks Animation,English,P345 (IMDb ID),https://query.wikidata.org/sparql,2026-07-23,CC0 1.0,https://www.boxofficemojo.com/releasegroup/gr4045558277/,https://www.boxofficemojo.com/year/world/2016/?sort=rank&sortDir=asc
2016,17,La La Land,447407695,no,tt3783958,Q20856802,http://www.wikidata.org/entity/Q20856802,,film,drama film | comedy film | musical film | comedy drama | romance film | dance film,United States,Starz Entertainment | Summit Entertainment,English,P345 (IMDb ID),https://query.wikidata.org/sparql,2026-07-23,CC0 1.0,https://www.boxofficemojo.com/releasegroup/gr2781106693/,https://www.boxofficemojo.com/year/world/2016/?sort=rank&sortDir=asc
2016,18,Warcraft,439048914,no,tt0803096,Q14513321,http://www.wikidata.org/entity/Q14513321,Warcraft,film,fantasy film | action film | adventure film,United States | United Kingdom,Blizzard Entertainment | Legendary Pictures | Atlas Entertainment | Tencent Pictures,English,P345 (IMDb ID),https://query.wikidata.org/sparql,2026-07-23,CC0 1.0,https://www.boxofficemojo.com/releasegroup/gr2367640069/,https://www.boxofficemojo.com/year/world/2016/?sort=rank&sortDir=asc
2016,19,Jason Bourne,415484914,no,tt4196776,Q19481099,http://www.wikidata.org/entity/Q19481099,Jason Bourne,film,action film | mystery film | thriller film | action thriller,United States,Universal Pictures,English,P345 (IMDb ID),https://query.wikidata.org/sparql,2026-07-23,CC0 1.0,https://www.boxofficemojo.com/releasegroup/gr2385007109/,https://www.boxofficemojo.com/year/world/2016/?sort=rank&sortDir=asc
2016,20,Ice Age: Collision Course,408579038,yes,tt3416828,Q15965953,http://www.wikidata.org/entity/Q15965953,Ice Age: Collision Course,animated film,comedy film | adventure film | science fiction film | family film,United States,20th Century Animation | Blue Sky Studios,English,P345 (IMDb ID),https://query.wikidata.org/sparql,2026-07-23,CC0 1.0,https://www.boxofficemojo.com/releasegroup/gr307778053/,https://www.boxofficemojo.com/year/world/2016/?sort=rank&sortDir=asc
2017,1,Star Wars: Episode VIII - The Last Jedi,1332539889,no,tt2527336,Q18486021,http://www.wikidata.org/entity/Q18486021,Star Wars: Episode VIII – The Last Jedi,film,fantasy film | action film | adventure film | space opera | science fiction film,United States,Lucasfilm,English,P345 (IMDb ID),https://query.wikidata.org/sparql,2026-07-23,CC0 1.0,https://www.boxofficemojo.com/releasegroup/gr3764736517/,https://www.boxofficemojo.com/year/world/2017/?sort=rank&sortDir=asc
2017,2,Beauty and the Beast,1263521126,no,tt2771200,Q19946102,http://www.wikidata.org/entity/Q19946102,Beauty and the Beast,film,drama film | fantasy film | musical film | romance film | family film | melodrama | cinematic fairy tale | romantic drama,United States,Walt Disney Pictures | Mandeville Films,English,P345 (IMDb ID),https://query.wikidata.org/sparql,2026-07-23,CC0 1.0,https://www.boxofficemojo.com/releasegroup/gr1429688837/,https://www.boxofficemojo.com/year/world/2017/?sort=rank&sortDir=asc
2017,3,The Fate of the Furious,1236005118,no,tt4630562,Q19829521,http://www.wikidata.org/entity/Q19829521,The Fate of the Furious,film,action film | crime film,United States,Universal Pictures,English,P345 (IMDb ID),https://query.wikidata.org/sparql,2026-07-23,CC0 1.0,https://www.boxofficemojo.com/releasegroup/gr38949381/,https://www.boxofficemojo.com/year/world/2017/?sort=rank&sortDir=asc
2017,4,Despicable Me 3,1034799409,yes,tt3469046,Q22997984,http://www.wikidata.org/entity/Q22997984,Despicable Me 3,animated film,comedy film,United States,Illumination,English,P345 (IMDb ID),https://query.wikidata.org/sparql,2026-07-23,CC0 1.0,https://www.boxofficemojo.com/releasegroup/gr1982484997/,https://www.boxofficemojo.com/year/world/2017/?sort=rank&sortDir=asc
2017,5,Jumanji: Welcome to the Jungle,962077546,no,tt2283362,Q20762680,http://www.wikidata.org/entity/Q20762680,Jumanji: Welcome to the Jungle,film,fantasy film | comedy film | action film | adventure film,United States,Columbia Pictures | Radar Pictures,English,P345 (IMDb ID),https://query.wikidata.org/sparql,2026-07-23,CC0 1.0,https://www.boxofficemojo.com/releasegroup/gr2130465285/,https://www.boxofficemojo.com/year/world/2017/?sort=rank&sortDir=asc
2017,6,Spider-Man: Homecoming,880166924,no,tt2250912,Q23010088,http://www.wikidata.org/entity/Q23010088,Spider-Man: Homecoming,film,action film | superhero film,United States,Columbia Pictures | Marvel Studios,English,P345 (IMDb ID),https://query.wikidata.org/sparql,2026-07-23,CC0 1.0,https://www.boxofficemojo.com/releasegroup/gr65032709/,https://www.boxofficemojo.com/year/world/2017/?sort=rank&sortDir=asc
2017,7,Wolf Warrior 2,870325439,no,tt7131870,Q27964540,http://www.wikidata.org/entity/Q27964540,Wolf Warrior 2,film,action film | thriller film,People's Republic of China,,English | Chinese,P345 (IMDb ID),https://query.wikidata.org/sparql,2026-07-23,CC0 1.0,https://www.boxofficemojo.com/releasegroup/gr3036500485/,https://www.boxofficemojo.com/year/world/2017/?sort=rank&sortDir=asc
2017,8,Guardians of the Galaxy: Vol. 2,863756051,no,tt3896198,Q20001199,http://www.wikidata.org/entity/Q20001199,Guardians of the Galaxy Vol. 2,film,comedy film | adventure film | science fiction film,United States,Marvel Studios,English,P345 (IMDb ID),https://query.wikidata.org/sparql,2026-07-23,CC0 1.0,https://www.boxofficemojo.com/releasegroup/gr388583941/,https://www.boxofficemojo.com/year/world/2017/?sort=rank&sortDir=asc
2017,9,Thor: Ragnarok,853977126,no,tt3501632,Q22665878,http://www.wikidata.org/entity/Q22665878,Thor: Ragnarok,film,fantasy film | comedy film | action film | adventure film | science fiction film | superhero film,United States,Marvel Studios | Walt Disney Studios Motion Pictures,English,P345 (IMDb ID),https://query.wikidata.org/sparql,2026-07-23,CC0 1.0,https://www.boxofficemojo.com/releasegroup/gr197939717/,https://www.boxofficemojo.com/year/world/2017/?sort=rank&sortDir=asc
2017,10,Wonder Woman,822963408,no,tt0451279,Q20502242,http://www.wikidata.org/entity/Q20502242,Wonder Woman,film | superhero film,drama film | fantasy film | action film | adventure film | war film | superhero film,United States,Warner Bros. Entertainment | RatPac-Dune Entertainment | Tencent Pictures | DC Studios,English,P345 (IMDb ID),https://query.wikidata.org/sparql,2026-07-23,CC0 1.0,https://www.boxofficemojo.com/releasegroup/gr1207325189/,https://www.boxofficemojo.com/year/world/2017/?sort=rank&sortDir=asc
2017,11,Coco,814641172,yes,tt2380307,Q5815826,http://www.wikidata.org/entity/Q5815826,Coco,animated film,drama film | fantasy film | comedy film | adventure film | musical film | family film | melodrama | detective film | ghost film,United States | Mexico,Pixar | Walt Disney Pictures,Spanish | English,P345 (IMDb ID),https://query.wikidata.org/sparql,2026-07-23,CC0 1.0,https://www.boxofficemojo.com/releasegroup/gr2402243077/,https://www.boxofficemojo.com/year/world/2017/?sort=rank&sortDir=asc
2017,12,Pirates of the Caribbean: Dead Men Tell No Tales,794861794,no,tt1790809,Q10350033,http://www.wikidata.org/entity/Q10350033,Pirates of the Caribbean: Dead Men Tell no Tales,film,fantasy film | comedy film | swashbuckler film | pirate film | treasure hunt film,United States,The Walt Disney Company | Walt Disney Pictures | Q17305144,English,P345 (IMDb ID),https://query.wikidata.org/sparql,2026-07-23,CC0 1.0,https://www.boxofficemojo.com/releasegroup/gr1009078789/,https://www.boxofficemojo.com/year/world/2017/?sort=rank&sortDir=asc
2017,13,It,702781748,no,tt1396484,Q25136484,http://www.wikidata.org/entity/Q25136484,It,film,fantasy film | horror film | contemporary fantasy | mystery film | thriller film | supernatural film | supernatural horror film | coming-of-age film | psychological thriller film,United States,New Line Cinema,English,P345 (IMDb ID),https://query.wikidata.org/sparql,2026-07-23,CC0 1.0,https://www.boxofficemojo.com/releasegroup/gr1547719173/,https://www.boxofficemojo.com/year/world/2017/?sort=rank&sortDir=asc
2017,14,Justice League,661324295,no,tt0974015,Q20501835,http://www.wikidata.org/entity/Q20501835,Justice League,film,fantasy film | action film | adventure film | science fiction film | superhero film | science fiction action film,United States,The Stone Quarry | DC Studios,English,P345 (IMDb ID),https://query.wikidata.org/sparql,2026-07-23,CC0 1.0,https://www.boxofficemojo.com/releasegroup/gr2733527557/,https://www.boxofficemojo.com/year/world/2017/?sort=rank&sortDir=asc
2017,15,Logan,619021436,no,tt3315342,Q24053263,http://www.wikidata.org/entity/Q24053263,Logan,film,drama film | action film | science fiction film | superhero film | survival film | dystopian film,United States,20th Century Studios | Marvel Entertainment,English,P345 (IMDb ID),https://query.wikidata.org/sparql,2026-07-23,CC0 1.0,https://www.boxofficemojo.com/releasegroup/gr4057092613/,https://www.boxofficemojo.com/year/world/2017/?sort=rank&sortDir=asc
2017,16,Transformers: The Last Knight,605425157,no,tt3371366,Q24251026,http://www.wikidata.org/entity/Q24251026,Transformers: The Last Knight,film,science fiction action film,United States,Paramount Pictures | DreamWorks,English,P345 (IMDb ID),https://query.wikidata.org/sparql,2026-07-23,CC0 1.0,https://www.boxofficemojo.com/releasegroup/gr438653445/,https://www.boxofficemojo.com/year/world/2017/?sort=rank&sortDir=asc
2017,17,Kong: Skull Island,568652812,no,tt3731562,Q21203766,http://www.wikidata.org/entity/Q21203766,Kong: Skull Island,film,fantasy film | action film | speculative fiction film,United States,Warner Bros. Entertainment | Legendary Pictures | Tencent Pictures | Q65557474,English,P345 (IMDb ID),https://query.wikidata.org/sparql,2026-07-23,CC0 1.0,https://www.boxofficemojo.com/releasegroup/gr3991622149/,https://www.boxofficemojo.com/year/world/2017/?sort=rank&sortDir=asc
2017,18,The Boss Baby,527965936,yes,tt3874544,Q18619153,http://www.wikidata.org/entity/Q18619153,The Boss Baby,animated film,comedy film | family film,United States,DreamWorks Animation,English,P345 (IMDb ID),https://query.wikidata.org/sparql,2026-07-23,CC0 1.0,https://www.boxofficemojo.com/releasegroup/gr2517979653/,https://www.boxofficemojo.com/year/world/2017/?sort=rank&sortDir=asc
2017,19,Dunkirk,526045546,no,tt5013056,Q21935651,http://www.wikidata.org/entity/Q21935651,Dunkirk,film,drama film | war film | historical film,United States | Netherlands | France | United Kingdom,Warner Bros. Entertainment | Canal+ | Syncopy Inc. | StudioCanal | RatPac-Dune Entertainment | Kaap Holland Film | Dombey Street Productions | Q65557474,French | German | English,P345 (IMDb ID),https://query.wikidata.org/sparql,2026-07-23,CC0 1.0,https://www.boxofficemojo.com/releasegroup/gr3929100805/,https://www.boxofficemojo.com/year/world/2017/?sort=rank&sortDir=asc
2017,20,War for the Planet of the Apes,490719763,no,tt3450958,Q19938437,http://www.wikidata.org/entity/Q19938437,War for the Planet of the Apes,film,drama film | action film | war film | science fiction film | post-apocalyptic film | dystopian film,United States,Chernin Entertainment,English,P345 (IMDb ID),https://query.wikidata.org/sparql,2026-07-23,CC0 1.0,https://www.boxofficemojo.com/releasegroup/gr2539147781/,https://www.boxofficemojo.com/year/world/2017/?sort=rank&sortDir=asc
2018,1,Avengers: Infinity War,2048359754,no,tt4154756,Q23780914,http://www.wikidata.org/entity/Q23780914,Avengers: Infinity War,film,action film | adventure film | science fiction film | superhero film,United States,Marvel Studios | Walt Disney Studios Motion Pictures,English,P345 (IMDb ID),https://query.wikidata.org/sparql,2026-07-23,CC0 1.0,https://www.boxofficemojo.com/releasegroup/gr3915469317/,https://www.boxofficemojo.com/year/world/2018/?sort=rank&sortDir=asc
2018,2,Black Panther,1346913161,no,tt1825683,Q23780734,http://www.wikidata.org/entity/Q23780734,Black Panther,film,action film | adventure film | science fiction film | superhero film,United States,Marvel Studios,American English,P345 (IMDb ID),https://query.wikidata.org/sparql,2026-07-23,CC0 1.0,https://www.boxofficemojo.com/releasegroup/gr3458290181/,https://www.boxofficemojo.com/year/world/2018/?sort=rank&sortDir=asc
2018,3,Jurassic World: Fallen Kingdom,1308467944,no,tt4881806,Q21877685,http://www.wikidata.org/entity/Q21877685,Jurassic World: Fallen Kingdom,film,action film | adventure film | science fiction film,United States,Universal Pictures | Amblin Entertainment | The Kennedy/Marshall Company | Perfect World Pictures,English,P345 (IMDb ID),https://query.wikidata.org/sparql,2026-07-23,CC0 1.0,https://www.boxofficemojo.com/releasegroup/gr3108917765/,https://www.boxofficemojo.com/year/world/2018/?sort=rank&sortDir=asc
2018,4,Incredibles 2,1242805359,yes,tt3606756,Q24832112,http://www.wikidata.org/entity/Q24832112,Incredibles 2,animated film,comedy film | action film | adventure film | superhero film,United States,Pixar | Walt Disney Pictures,English,P345 (IMDb ID),https://query.wikidata.org/sparql,2026-07-23,CC0 1.0,https://www.boxofficemojo.com/releasegroup/gr2507690501/,https://www.boxofficemojo.com/year/world/2018/?sort=rank&sortDir=asc
2018,5,Aquaman,1151961807,no,tt1477834,Q22998395,http://www.wikidata.org/entity/Q22998395,Aquaman,film,fantasy film | action film | adventure film | science fiction film | superhero film,United States,Warner Bros. Entertainment | The Safran Company,English,P345 (IMDb ID),https://query.wikidata.org/sparql,2026-07-23,CC0 1.0,https://www.boxofficemojo.com/releasegroup/gr1903186437/,https://www.boxofficemojo.com/year/world/2018/?sort=rank&sortDir=asc
2018,6,Bohemian Rhapsody,903655259,no,tt1727824,Q27894574,http://www.wikidata.org/entity/Q27894574,Bohemian Rhapsody,film,drama film | biographical film | musical film | LGBTQ-related film,United States | United Kingdom,Regency Enterprises | Walt Disney Studios Motion Pictures | GK Films | TriBeCa Productions,English,P345 (IMDb ID),https://query.wikidata.org/sparql,2026-07-23,CC0 1.0,https://www.boxofficemojo.com/releasegroup/gr4107555333/,https://www.boxofficemojo.com/year/world/2018/?sort=rank&sortDir=asc
2018,7,Venom,856085151,no,tt1270797,Q23006268,http://www.wikidata.org/entity/Q23006268,Venom,film,superhero film | thriller film,United States | People's Republic of China,Columbia Pictures | Sony Pictures | Marvel Entertainment | Tencent Pictures,English | Malay | Standard Chinese,P345 (IMDb ID),https://query.wikidata.org/sparql,2026-07-23,CC0 1.0,https://www.boxofficemojo.com/releasegroup/gr3586740741/,https://www.boxofficemojo.com/year/world/2018/?sort=rank&sortDir=asc
2018,8,Mission: Impossible - Fallout,791115104,no,tt4912910,Q29261993,http://www.wikidata.org/entity/Q29261993,Mission: Impossible – Fallout,film,action film | adventure film | spy film | thriller film,Norway | United States | France | People's Republic of China,Paramount Pictures | Bad Robot Productions | Skydance Media | TC Productions,French | English,P345 (IMDb ID),https://query.wikidata.org/sparql,2026-07-23,CC0 1.0,https://www.boxofficemojo.com/releasegroup/gr248533509/,https://www.boxofficemojo.com/year/world/2018/?sort=rank&sortDir=asc
2018,9,Deadpool 2,734546611,no,tt5463162,Q25431158,http://www.wikidata.org/entity/Q25431158,Deadpool 2,film,superhero film | speculative fiction film | black comedy film | LGBTQ-related film | time-travel film,United States,20th Century Studios | Marvel Entertainment | The Donners' Company | Genre Films,English,P345 (IMDb ID),https://query.wikidata.org/sparql,2026-07-23,CC0 1.0,https://www.boxofficemojo.com/releasegroup/gr262820357/,https://www.boxofficemojo.com/year/world/2018/?sort=rank&sortDir=asc
2018,10,Fantastic Beasts: The Crimes of Grindelwald,655755901,no,tt4123430,Q18199331,http://www.wikidata.org/entity/Q18199331,Fantastic Beasts: The Crimes of Grindelwald,film,drama film | fantasy film | adventure film,United States | United Kingdom,Warner Bros. Entertainment | Heyday Films,English,P345 (IMDb ID),https://query.wikidata.org/sparql,2026-07-23,CC0 1.0,https://www.boxofficemojo.com/releasegroup/gr3275837957/,https://www.boxofficemojo.com/year/world/2018/?sort=rank&sortDir=asc
2018,11,Ant-Man and the Wasp,622674139,no,tt5095030,Q22957393,http://www.wikidata.org/entity/Q22957393,Ant-Man and the Wasp,film,comedy film | action film | adventure film | science fiction film | superhero film,United States,Marvel Studios,English,P345 (IMDb ID),https://query.wikidata.org/sparql,2026-07-23,CC0 1.0,https://www.boxofficemojo.com/releasegroup/gr869618181/,https://www.boxofficemojo.com/year/world/2018/?sort=rank&sortDir=asc
2018,12,Ready Player One,583490172,no,tt1677720,Q22000542,http://www.wikidata.org/entity/Q22000542,Ready Player One,film,cyberpunk | action film | adventure film | science fiction film | dystopian film,United States,Warner Bros. Entertainment | DreamWorks | Amblin Entertainment | Village Roadshow Pictures | RatPac-Dune Entertainment | Q65557474,English,P345 (IMDb ID),https://query.wikidata.org/sparql,2026-07-23,CC0 1.0,https://www.boxofficemojo.com/releasegroup/gr1211716101/,https://www.boxofficemojo.com/year/world/2018/?sort=rank&sortDir=asc
2018,13,Operation Red Sea,579330426,no,tt6878882,Q30590974,http://www.wikidata.org/entity/Q30590974,Operation Red Sea,film,adventure film | war film | action thriller,People's Republic of China | Hong Kong,People's Liberation Army Navy | Emperor Motion Pictures | Polybona Films | Zak Productions,Chinese | Arabic,P345 (IMDb ID),https://query.wikidata.org/sparql,2026-07-23,CC0 1.0,https://www.boxofficemojo.com/releasegroup/gr2180010501/,https://www.boxofficemojo.com/year/world/2018/?sort=rank&sortDir=asc
2018,14,Detective Chinatown 2,544185156,no,tt7752454,Q50143448,http://www.wikidata.org/entity/Q50143448,Detective Chinatown 2,film,comedy film | action film | buddy film | mystery film,People's Republic of China,,English | Mandarin,P345 (IMDb ID),https://query.wikidata.org/sparql,2026-07-23,CC0 1.0,https://www.boxofficemojo.com/releasegroup/gr3093189125/,https://www.boxofficemojo.com/year/world/2018/?sort=rank&sortDir=asc
2018,15,Ralph Breaks the Internet,529323962,yes,tt5848272,Q25167044,http://www.wikidata.org/entity/Q25167044,Ralph Breaks the Internet,animated film,fantasy film | comedy film | action film | adventure film | family film,United States,Walt Disney Pictures | Q1047410,English,P345 (IMDb ID),https://query.wikidata.org/sparql,2026-07-23,CC0 1.0,https://www.boxofficemojo.com/releasegroup/gr4200485381/,https://www.boxofficemojo.com/year/world/2018/?sort=rank&sortDir=asc
2018,16,The Meg,529243742,no,tt4779682,Q27957869,http://www.wikidata.org/entity/Q27957869,The Meg,film,action film | horror film | adventure film | science fiction film | kaiju | thriller film,United States | People's Republic of China,Warner Bros. Entertainment | di Bonaventura Pictures | Flagship Entertainment,English | Mandarin,P345 (IMDb ID),https://query.wikidata.org/sparql,2026-07-23,CC0 1.0,https://www.boxofficemojo.com/releasegroup/gr214127109/,https://www.boxofficemojo.com/year/world/2018/?sort=rank&sortDir=asc
2018,17,Hotel Transylvania 3: Summer Vacation,528583774,yes,tt5220122,Q28840385,http://www.wikidata.org/entity/Q28840385,Hotel Transylvania 3: Summer Vacation,animated film,fantasy film | comedy film | comedy horror | monster film | family film | vampire film | werewolf film,United States,Columbia Pictures | Sony Pictures Animation | MRC,English,P345 (IMDb ID),https://query.wikidata.org/sparql,2026-07-23,CC0 1.0,https://www.boxofficemojo.com/releasegroup/gr4181873157/,https://www.boxofficemojo.com/year/world/2018/?sort=rank&sortDir=asc
2018,18,The Grinch,512715682,yes,tt2709692,Q15632949,http://www.wikidata.org/entity/Q15632949,The Grinch,film | animated film,comedy film | Christmas film,United States,Universal Pictures | Illumination,English,P345 (IMDb ID),https://query.wikidata.org/sparql,2026-07-23,CC0 1.0,https://www.boxofficemojo.com/releasegroup/gr1661227525/,https://www.boxofficemojo.com/year/world/2018/?sort=rank&sortDir=asc
2018,19,Bumblebee,467989645,no,tt4701182,Q34220038,http://www.wikidata.org/entity/Q34220038,Bumblebee,film,action film | adventure film | science fiction film,United States,Paramount Pictures | DreamWorks | Hasbro | di Bonaventura Pictures | Tencent Pictures | Allspark Pictures,English,P345 (IMDb ID),https://query.wikidata.org/sparql,2026-07-23,CC0 1.0,https://www.boxofficemojo.com/releasegroup/gr2098156037/,https://www.boxofficemojo.com/year/world/2018/?sort=rank&sortDir=asc
2018,20,Dying to Survive,451176639,no,tt7362036,Q55376631,http://www.wikidata.org/entity/Q55376631,Dying to Survive,film,comedy drama,People's Republic of China,"film production company | production company | Dying to Survive | Beijing, China",Standard Chinese,P345 (IMDb ID),https://query.wikidata.org/sparql,2026-07-23,CC0 1.0,https://www.boxofficemojo.com/releasegroup/gr3524612613/,https://www.boxofficemojo.com/year/world/2018/?sort=rank&sortDir=asc
2019,1,Avengers: Endgame,2799439100,no,tt4154796,Q23781155,http://www.wikidata.org/entity/Q23781155,Avengers: Endgame,film,action film | adventure film | superhero film | speculative fiction film,United States,Marvel Studios | Walt Disney Studios Motion Pictures,English,P345 (IMDb ID),https://query.wikidata.org/sparql,2026-07-23,CC0 1.0,https://www.boxofficemojo.com/releasegroup/gr3511898629/,https://www.boxofficemojo.com/year/world/2019/?sort=rank&sortDir=asc
2019,2,The Lion King,1656943394,yes,tt6105098,Q27044293,http://www.wikidata.org/entity/Q27044293,The Lion King,film | animated film,drama film | comedy film | adventure film | musical film | family film,United States,Walt Disney Pictures | Moving Picture Company | Fairview Entertainment,English,P345 (IMDb ID),https://query.wikidata.org/sparql,2026-07-23,CC0 1.0,https://www.boxofficemojo.com/releasegroup/gr403788293/,https://www.boxofficemojo.com/year/world/2019/?sort=rank&sortDir=asc
2019,3,Frozen II,1450026933,yes,tt4520988,Q24733929,http://www.wikidata.org/entity/Q24733929,Frozen 2,animated film,drama film | fantasy film | adventure film | musical film | family film,United States,Walt Disney Pictures | Q1047410,English,P345 (IMDb ID),https://query.wikidata.org/sparql,2026-07-23,CC0 1.0,https://www.boxofficemojo.com/releasegroup/gr1030181381/,https://www.boxofficemojo.com/year/world/2019/?sort=rank&sortDir=asc
2019,4,Spider-Man: Far from Home,1131927996,no,tt6320628,Q27985819,http://www.wikidata.org/entity/Q27985819,Spider-Man: Far From Home,film,action film | adventure film | science fiction film | superhero film | speculative fiction film,United States,Columbia Pictures | Marvel Studios | Sony Pictures,English,P345 (IMDb ID),https://query.wikidata.org/sparql,2026-07-23,CC0 1.0,https://www.boxofficemojo.com/releasegroup/gr1825526277/,https://www.boxofficemojo.com/year/world/2019/?sort=rank&sortDir=asc
2019,5,Captain Marvel,1128274794,no,tt4154664,Q23781129,http://www.wikidata.org/entity/Q23781129,Captain Marvel,film,action film | adventure film | science fiction film | superhero film,United States,Marvel Studios,English,P345 (IMDb ID),https://query.wikidata.org/sparql,2026-07-23,CC0 1.0,https://www.boxofficemojo.com/releasegroup/gr3085718021/,https://www.boxofficemojo.com/year/world/2019/?sort=rank&sortDir=asc
2019,6,Joker,1078751311,no,tt7286456,Q42759035,http://www.wikidata.org/entity/Q42759035,Joker,film,drama film | crime film | thriller film | psychological thriller film,United States,Warner Bros. Entertainment | Village Roadshow Pictures | DC Entertainment | DC Studios | Q65557474,English,P345 (IMDb ID),https://query.wikidata.org/sparql,2026-07-23,CC0 1.0,https://www.boxofficemojo.com/releasegroup/gr4123480581/,https://www.boxofficemojo.com/year/world/2019/?sort=rank&sortDir=asc
2019,7,Star Wars: Episode IX - The Rise of Skywalker,1074144248,no,tt2527338,Q20977110,http://www.wikidata.org/entity/Q20977110,Star Wars: Episode IX – The Rise of Skywalker,film,fantasy film | action film | adventure film | space opera,United States,Lucasfilm | Bad Robot Productions | Walt Disney Studios Motion Pictures,English,P345 (IMDb ID),https://query.wikidata.org/sparql,2026-07-23,CC0 1.0,https://www.boxofficemojo.com/releasegroup/gr2303480325/,https://www.boxofficemojo.com/year/world/2019/?sort=rank&sortDir=asc
2019,8,Toy Story 4,1073394593,yes,tt1979376,Q18517638,http://www.wikidata.org/entity/Q18517638,Toy Story 4,animated film,fantasy film | comedy film | action film | adventure film | children's film,United States,Pixar,English | American English,P345 (IMDb ID),https://query.wikidata.org/sparql,2026-07-23,CC0 1.0,https://www.boxofficemojo.com/releasegroup/gr2366394885/,https://www.boxofficemojo.com/year/world/2019/?sort=rank&sortDir=asc
2019,9,Aladdin,1050693953,no,tt6139732,Q27188178,http://www.wikidata.org/entity/Q27188178,Aladdin,film,fantasy film | action film | adventure film | musical film | romance film | family film | speculative fiction film,United States,Walt Disney Pictures | Lin Pictures,English,P345 (IMDb ID),https://query.wikidata.org/sparql,2026-07-23,CC0 1.0,https://www.boxofficemojo.com/releasegroup/gr2669236741/,https://www.boxofficemojo.com/year/world/2019/?sort=rank&sortDir=asc
2019,10,Jumanji: The Next Level,801693929,no,tt7975244,Q60501923,http://www.wikidata.org/entity/Q60501923,Jumanji: The Next Level,film,comedy film | adventure film | action comedy film,United States,Columbia Pictures | Seven Bucks Productions,English,P345 (IMDb ID),https://query.wikidata.org/sparql,2026-07-23,CC0 1.0,https://www.boxofficemojo.com/releasegroup/gr2719109637/,https://www.boxofficemojo.com/year/world/2019/?sort=rank&sortDir=asc
2019,11,Fast & Furious Presents: Hobbs & Shaw,760732926,no,tt6806448,Q56559254,http://www.wikidata.org/entity/Q56559254,Hobbs & Shaw,film,action film | thriller film,United States,Universal Pictures | Original Film | Seven Bucks Productions,English,P345 (IMDb ID),https://query.wikidata.org/sparql,2026-07-23,CC0 1.0,https://www.boxofficemojo.com/releasegroup/gr423973381/,https://www.boxofficemojo.com/year/world/2019/?sort=rank&sortDir=asc
2019,12,Ne Zha,725920658,yes,tt10627720,Q65972529,http://www.wikidata.org/entity/Q65972529,Ne Zha,animated film,fantasy film | action film,People's Republic of China,,Chinese,P345 (IMDb ID),https://query.wikidata.org/sparql,2026-07-23,CC0 1.0,https://www.boxofficemojo.com/releasegroup/gr3953807877/,https://www.boxofficemojo.com/year/world/2019/?sort=rank&sortDir=asc
2019,13,The Wandering Earth,699856699,no,tt7605074,Q57966215,http://www.wikidata.org/entity/Q57966215,The Wandering Earth,film,science fiction film | disaster film | post-apocalyptic film,People's Republic of China,China Film Group Corporation,English | Chinese,P345 (IMDb ID),https://query.wikidata.org/sparql,2026-07-23,CC0 1.0,https://www.boxofficemojo.com/releasegroup/gr2718781957/,https://www.boxofficemojo.com/year/world/2019/?sort=rank&sortDir=asc
2019,14,How to Train Your Dragon: The Hidden World,521799505,yes,tt2386490,Q22970530,http://www.wikidata.org/entity/Q22970530,How to Train Your Dragon: The Hidden World,animated film,fantasy film | monster film | children's film | medieval film,United States,DreamWorks Animation,English,P345 (IMDb ID),https://query.wikidata.org/sparql,2026-07-23,CC0 1.0,https://www.boxofficemojo.com/releasegroup/gr2553172485/,https://www.boxofficemojo.com/year/world/2019/?sort=rank&sortDir=asc
2019,15,Maleficent: Mistress of Evil,491730089,no,tt4777008,Q54437950,http://www.wikidata.org/entity/Q54437950,Maleficent: Mistress of Evil,film,drama film | fantasy film | action film | adventure film | family film | melodrama | cinematic fairy tale,United States,Walt Disney Pictures | Roth Films,English,P345 (IMDb ID),https://query.wikidata.org/sparql,2026-07-23,CC0 1.0,https://www.boxofficemojo.com/releasegroup/gr2536985093/,https://www.boxofficemojo.com/year/world/2019/?sort=rank&sortDir=asc
2019,16,It: Chapter Two,473093228,no,tt7349950,Q42726338,http://www.wikidata.org/entity/Q42726338,It: Chapter Two,film,horror film | slasher film | LGBTQ-related film | supernatural horror film,United States,New Line Cinema | Warner Bros. Entertainment | Vertigo Entertainment,English,P345 (IMDb ID),https://query.wikidata.org/sparql,2026-07-23,CC0 1.0,https://www.boxofficemojo.com/releasegroup/gr3159511557/,https://www.boxofficemojo.com/year/world/2019/?sort=rank&sortDir=asc
2019,17,"My People, My Country",450064993,no,tt10147382,Q65053995,http://www.wikidata.org/entity/Q65053995,"My People, My Country",film,drama film | anthology film,People's Republic of China,Polybona Films | Huayi Brothers | Beijing Enlight Pictures | Huaxia Film Distribution | Damai Entertainment | Tencent Pictures | Wanda Media | Tianjin Maoyan Weiying Culture Media | Emperor Film Production,Chinese,P345 (IMDb ID),https://query.wikidata.org/sparql,2026-07-23,CC0 1.0,https://www.boxofficemojo.com/releasegroup/gr902124037/,https://www.boxofficemojo.com/year/world/2019/?sort=rank&sortDir=asc
2019,18,Pokémon: Detective Pikachu,433305346,no,tt5884052,Q47492499,http://www.wikidata.org/entity/Q47492499,Detective Pikachu,film,fantasy film | comedy film | action film | adventure film | science fiction film | crime film | teen film | urban fantasy | mystery film | family film | action comedy film | live-action/animated film | detective film,Japan | United States,Legendary Pictures | The Pokémon Company,English,P345 (IMDb ID),https://query.wikidata.org/sparql,2026-07-23,CC0 1.0,https://www.boxofficemojo.com/releasegroup/gr3275444741/,https://www.boxofficemojo.com/year/world/2019/?sort=rank&sortDir=asc
2019,19,The Secret Life of Pets 2,431164459,yes,tt5113040,Q28561715,http://www.wikidata.org/entity/Q28561715,The Secret Life of Pets 2,film,comedy film,United States,Universal Pictures | Illumination,English,P345 (IMDb ID),https://query.wikidata.org/sparql,2026-07-23,CC0 1.0,https://www.boxofficemojo.com/releasegroup/gr2298958341/,https://www.boxofficemojo.com/year/world/2019/?sort=rank&sortDir=asc
2019,20,The Captain,417863545,no,tt10218664,Q69082264,http://www.wikidata.org/entity/Q69082264,The Captain,film,drama film | disaster film | thriller film,People's Republic of China,Polybona Films | Wanda Media,Standard Chinese,P345 (IMDb ID),https://query.wikidata.org/sparql,2026-07-23,CC0 1.0,https://www.boxofficemojo.com/releasegroup/gr107893253/,https://www.boxofficemojo.com/year/world/2019/?sort=rank&sortDir=asc
2020,1,Demon Slayer: Kimetsu no Yaiba - The Movie: Mugen Train,472162520,yes,tt11032374,Q96376192,http://www.wikidata.org/entity/Q96376192,Demon Slayer: Kimetsu no Yaiba the Movie: Mugen Train,anime film,action film | dark fantasy | anime film,Japan,Ufotable,Japanese,P345 (IMDb ID),https://query.wikidata.org/sparql,2026-07-23,CC0 1.0,https://www.boxofficemojo.com/releasegroup/gr2409976325/,https://www.boxofficemojo.com/year/world/2020/?sort=rank&sortDir=asc
2020,2,The Eight Hundred,461421559,no,tt7294150,Q64854696,http://www.wikidata.org/entity/Q64854696,The Eight Hundred,film,drama film | action film | war film | historical film,People's Republic of China,Huayi Brothers | Damai Entertainment | Tencent Pictures | Beijing Enlight Media,English | Japanese | Mandarin,P345 (IMDb ID),https://query.wikidata.org/sparql,2026-07-23,CC0 1.0,https://www.boxofficemojo.com/releasegroup/gr832590341/,https://www.boxofficemojo.com/year/world/2020/?sort=rank&sortDir=asc
2020,3,Bad Boys for Life,426505244,no,tt1502397,Q29021224,http://www.wikidata.org/entity/Q29021224,Bad Boys for Life,film,comedy film | action film | crime film | buddy cop film,United States | Mexico,Columbia Pictures | Overbrook Entertainment | Q17305144,English,P345 (IMDb ID),https://query.wikidata.org/sparql,2026-07-23,CC0 1.0,https://www.boxofficemojo.com/releasegroup/gr3944174085/,https://www.boxofficemojo.com/year/world/2020/?sort=rank&sortDir=asc
2020,4,"My People, My Homeland",422390820,no,tt12363162,Q97300316,http://www.wikidata.org/entity/Q97300316,"My People, My Homeland",film,comedy film | anthology film,People's Republic of China,,Chinese,P345 (IMDb ID),https://query.wikidata.org/sparql,2026-07-23,CC0 1.0,https://www.boxofficemojo.com/releasegroup/gr1571181061/,https://www.boxofficemojo.com/year/world/2020/?sort=rank&sortDir=asc
2020,5,Tenet,365304105,no,tt6723592,Q63985561,http://www.wikidata.org/entity/Q63985561,Tenet,film,action film | science fiction film | spy film | thriller film | time-travel film,United States | United Kingdom,Warner Bros. Entertainment | Syncopy Inc. | Q65557474,English,P345 (IMDb ID),https://query.wikidata.org/sparql,2026-07-23,CC0 1.0,https://www.boxofficemojo.com/releasegroup/gr418796037/,https://www.boxofficemojo.com/year/world/2020/?sort=rank&sortDir=asc
2020,6,Sonic the Hedgehog,319715683,no,tt3794354,Q29906232,http://www.wikidata.org/entity/Q29906232,Sonic the Hedgehog,film,fantasy film | comedy film | action film | adventure film | science fiction film | family film,Japan | United States,Sega | Paramount Pictures | Original Film | Blur Studio | Marza Animation Planet | Story Kitchen,English | Japanese,P345 (IMDb ID),https://query.wikidata.org/sparql,2026-07-23,CC0 1.0,https://www.boxofficemojo.com/releasegroup/gr2707509765/,https://www.boxofficemojo.com/year/world/2020/?sort=rank&sortDir=asc
2020,7,Dolittle,251410631,no,tt6673612,Q38689704,http://www.wikidata.org/entity/Q38689704,Dolittle,film,fantasy film | comedy film | adventure film | family film,United States,Universal Pictures | Team Downey,English,P345 (IMDb ID),https://query.wikidata.org/sparql,2026-07-23,CC0 1.0,https://www.boxofficemojo.com/releasegroup/gr888885765/,https://www.boxofficemojo.com/year/world/2020/?sort=rank&sortDir=asc
2020,8,Jiang Ziya,240646355,yes,tt11177804,Q76780267,http://www.wikidata.org/entity/Q76780267,Jiang Ziya,animated film,fantasy film | action film | animated film | adventure film,People's Republic of China,,Chinese,P345 (IMDb ID),https://query.wikidata.org/sparql,2026-07-23,CC0 1.0,https://www.boxofficemojo.com/releasegroup/gr3786166789/,https://www.boxofficemojo.com/year/world/2020/?sort=rank&sortDir=asc
2020,9,A Little Red Flower,216000000,no,tt12497408,Q104532857,http://www.wikidata.org/entity/Q104532857,A Little Red Flower,film,family drama film,People's Republic of China,China Film Group Corporation,Chinese,P345 (IMDb ID),https://query.wikidata.org/sparql,2026-07-23,CC0 1.0,https://www.boxofficemojo.com/releasegroup/gr2243580421/,https://www.boxofficemojo.com/year/world/2020/?sort=rank&sortDir=asc
2020,10,The Croods: A New Age,215905815,yes,tt2850386,Q24832743,http://www.wikidata.org/entity/Q24832743,The Croods: A New Age,animated film,comedy film | adventure film,United States,DreamWorks Animation,English,P345 (IMDb ID),https://query.wikidata.org/sparql,2026-07-23,CC0 1.0,https://www.boxofficemojo.com/releasegroup/gr3240120837/,https://www.boxofficemojo.com/year/world/2020/?sort=rank&sortDir=asc
2020,11,Birds of Prey and the Fantabulous Emancipation of One Harley Quinn,205358461,no,tt7713068,Q57177410,http://www.wikidata.org/entity/Q57177410,Birds of Prey and the Fantabulous Emancipation of One Harley Quinn,film,action film | adventure film | crime film | superhero film | black comedy film,United States,DC Studios | LuckyChap Entertainment,English,P345 (IMDb ID),https://query.wikidata.org/sparql,2026-07-23,CC0 1.0,https://www.boxofficemojo.com/releasegroup/gr1265914373/,https://www.boxofficemojo.com/year/world/2020/?sort=rank&sortDir=asc
2020,12,Chak dan juen ga 2,198921659,no,tt9597838,Q62597210,http://www.wikidata.org/entity/Q62597210,Shock Wave 2,film,action thriller,Hong Kong,,Cantonese | Mandarin,P345 (IMDb ID),https://query.wikidata.org/sparql,2026-07-23,CC0 1.0,https://www.boxofficemojo.com/releasegroup/gr2797228549/,https://www.boxofficemojo.com/year/world/2020/?sort=rank&sortDir=asc
2020,13,Wonder Woman 1984,169601036,no,tt7126948,Q33408623,http://www.wikidata.org/entity/Q33408623,Wonder Woman 1984,film,drama film | fantasy film | action film | adventure film | war film | superhero film,United States,DC Entertainment | DC Studios,English,P345 (IMDb ID),https://query.wikidata.org/sparql,2026-07-23,CC0 1.0,https://www.boxofficemojo.com/releasegroup/gr1373065733/,https://www.boxofficemojo.com/year/world/2020/?sort=rank&sortDir=asc
2020,14,The Sacrifice,161047608,no,tt13000980,Q102967304,http://www.wikidata.org/entity/Q102967304,The Sacrifice,film,,People's Republic of China,,,P345 (IMDb ID),https://query.wikidata.org/sparql,2026-07-23,CC0 1.0,https://www.boxofficemojo.com/releasegroup/gr2107986437/,https://www.boxofficemojo.com/year/world/2020/?sort=rank&sortDir=asc
2020,15,The Invisible Man,144492724,no,tt1051906,Q64004122,http://www.wikidata.org/entity/Q64004122,The Invisible Man,film,drama film | horror film | science fiction film | thriller film,United States | Australia,Blumhouse Productions,English,P345 (IMDb ID),https://query.wikidata.org/sparql,2026-07-23,CC0 1.0,https://www.boxofficemojo.com/releasegroup/gr3538178565/,https://www.boxofficemojo.com/year/world/2020/?sort=rank&sortDir=asc
2020,16,Onward,141914643,yes,tt7146812,Q59690895,http://www.wikidata.org/entity/Q59690895,Onward,film | animated film,fantasy film,United States,Pixar | Walt Disney Pictures,English,P345 (IMDb ID),https://query.wikidata.org/sparql,2026-07-23,CC0 1.0,https://www.boxofficemojo.com/releasegroup/gr883905029/,https://www.boxofficemojo.com/year/world/2020/?sort=rank&sortDir=asc
2020,17,Warm Hug,129240236,no,tt13529418,Q97193421,http://www.wikidata.org/entity/Q97193421,Warm Hug,film,romantic comedy film,People's Republic of China,,Standard Chinese,P345 (IMDb ID),https://query.wikidata.org/sparql,2026-07-23,CC0 1.0,https://www.boxofficemojo.com/releasegroup/gr2595901957/,https://www.boxofficemojo.com/year/world/2020/?sort=rank&sortDir=asc
2020,18,Soul,121903885,yes,tt2948372,Q64744044,http://www.wikidata.org/entity/Q64744044,Soul,animated film,fantasy film | adventure film | comedy drama | ghost film,United States,Pixar | Walt Disney Pictures,English,P345 (IMDb ID),https://query.wikidata.org/sparql,2026-07-23,CC0 1.0,https://www.boxofficemojo.com/releasegroup/gr2955039237/,https://www.boxofficemojo.com/year/world/2020/?sort=rank&sortDir=asc
2020,19,The Call of the Wild,111166669,no,tt7504726,Q57982258,http://www.wikidata.org/entity/Q57982258,The Call of the Wild,film,drama film | adventure film | family film,United States,20th Century Studios | 3 Arts Entertainment,French | English,P345 (IMDb ID),https://query.wikidata.org/sparql,2026-07-23,CC0 1.0,https://www.boxofficemojo.com/releasegroup/gr725766661/,https://www.boxofficemojo.com/year/world/2020/?sort=rank&sortDir=asc
2020,20,Caught in Time,80543319,no,tt9877138,Q105470889,http://www.wikidata.org/entity/Q105470889,Caught in Time,film,,Hong Kong,,,P345 (IMDb ID),https://query.wikidata.org/sparql,2026-07-23,CC0 1.0,https://www.boxofficemojo.com/releasegroup/gr967070213/,https://www.boxofficemojo.com/year/world/2020/?sort=rank&sortDir=asc
2021,1,Spider-Man: No Way Home,1910982770,no,tt10872600,Q68934496,http://www.wikidata.org/entity/Q68934496,Spider-Man: No Way Home,film,action film | adventure film | science fiction film | superhero film | technofantasy,United States,Columbia Pictures | Marvel Studios | Pascal Pictures,English,P345 (IMDb ID),https://query.wikidata.org/sparql,2026-07-23,CC0 1.0,https://www.boxofficemojo.com/releasegroup/gr3957150213/,https://www.boxofficemojo.com/year/world/2021/?sort=rank&sortDir=asc
2021,2,The Battle at Lake Changjin,902548476,no,tt13462900,Q107273994,http://www.wikidata.org/entity/Q107273994,The Battle at Lake Changjin,film,war film | epic film | historical film | drama fiction,People's Republic of China,"China Film Group Corporation | Polybona Films | Shanghai Film Group | August First Film Studio | China Film Group Co.,Ltd. | Huaxia Film Distribution | Damai Entertainment",English | Mandarin,P345 (IMDb ID),https://query.wikidata.org/sparql,2026-07-23,CC0 1.0,https://www.boxofficemojo.com/releasegroup/gr3283177989/,https://www.boxofficemojo.com/year/world/2021/?sort=rank&sortDir=asc
2021,3,"Hi, Mom",822009764,no,tt13364790,Q105221616,http://www.wikidata.org/entity/Q105221616,"Hi, Mom",film,fantasy film | comedy drama,People's Republic of China,New Classics Media | Tianjin Maoyan Weiying Culture Media,Chinese,P345 (IMDb ID),https://query.wikidata.org/sparql,2026-07-23,CC0 1.0,https://www.boxofficemojo.com/releasegroup/gr565793285/,https://www.boxofficemojo.com/year/world/2021/?sort=rank&sortDir=asc
2021,4,No Time to Die,774153007,no,tt2382320,Q21534241,http://www.wikidata.org/entity/Q21534241,No Time to Die,film,action film | spy film | thriller film,United States | United Kingdom,Eon Productions,English,P345 (IMDb ID),https://query.wikidata.org/sparql,2026-07-23,CC0 1.0,https://www.boxofficemojo.com/releasegroup/gr1812943365/,https://www.boxofficemojo.com/year/world/2021/?sort=rank&sortDir=asc
2021,5,F9: The Fast Saga,726229501,no,tt5433138,Q29466808,http://www.wikidata.org/entity/Q29466808,F9,film,action film,United States,Universal Pictures | Original Film,English,P345 (IMDb ID),https://query.wikidata.org/sparql,2026-07-23,CC0 1.0,https://www.boxofficemojo.com/releasegroup/gr1590448645/,https://www.boxofficemojo.com/year/world/2021/?sort=rank&sortDir=asc
2021,6,Detective Chinatown 3,686257563,no,tt10370822,Q85877683,http://www.wikidata.org/entity/Q85877683,Detective Chinatown 3,film,comedy film | action film | adventure film,People's Republic of China,Wanda Media,English | Japanese | Standard Chinese,P345 (IMDb ID),https://query.wikidata.org/sparql,2026-07-23,CC0 1.0,https://www.boxofficemojo.com/releasegroup/gr2745979397/,https://www.boxofficemojo.com/year/world/2021/?sort=rank&sortDir=asc
2021,7,Venom: Let There Be Carnage,506813864,no,tt7097896,Q60498064,http://www.wikidata.org/entity/Q60498064,Venom: Let There Be Carnage,film,action film | superhero film,United States,Columbia Pictures | Marvel Entertainment | Tencent Pictures,English,P345 (IMDb ID),https://query.wikidata.org/sparql,2026-07-23,CC0 1.0,https://www.boxofficemojo.com/releasegroup/gr2560774661/,https://www.boxofficemojo.com/year/world/2021/?sort=rank&sortDir=asc
2021,8,Godzilla vs. Kong,470116094,no,tt5034838,Q56307503,http://www.wikidata.org/entity/Q56307503,Godzilla vs. Kong,film,action film | science fiction film | kaiju | thriller film,United States,Warner Bros. Entertainment | Legendary Pictures,English,P345 (IMDb ID),https://query.wikidata.org/sparql,2026-07-23,CC0 1.0,https://www.boxofficemojo.com/releasegroup/gr3306770949/,https://www.boxofficemojo.com/year/world/2021/?sort=rank&sortDir=asc
2021,9,Shang-Chi and the Legend of the Ten Rings,432243292,no,tt9376612,Q65768589,http://www.wikidata.org/entity/Q65768589,Shang-Chi and the Legend of the Ten Rings,film,martial arts film | superhero film,United States,Marvel Studios,English | Mandarin,P345 (IMDb ID),https://query.wikidata.org/sparql,2026-07-23,CC0 1.0,https://www.boxofficemojo.com/releasegroup/gr1414156805/,https://www.boxofficemojo.com/year/world/2021/?sort=rank&sortDir=asc
2021,10,Sing 2,408702234,yes,tt6467266,Q30933418,http://www.wikidata.org/entity/Q30933418,Sing 2,animated film,comedy film | musical film | family film,United States,Illumination,English,P345 (IMDb ID),https://query.wikidata.org/sparql,2026-07-23,CC0 1.0,https://www.boxofficemojo.com/releasegroup/gr3571732997/,https://www.boxofficemojo.com/year/world/2021/?sort=rank&sortDir=asc
2021,11,Dune: Part One,402127830,no,tt1160419,Q60834962,http://www.wikidata.org/entity/Q60834962,Dune,film,action film | adventure film | science fiction film | speculative fiction film,Canada | Norway | Hungary | United States | Jordan | United Arab Emirates,Legendary Pictures,English,P345 (IMDb ID),https://query.wikidata.org/sparql,2026-07-23,CC0 1.0,https://www.boxofficemojo.com/releasegroup/gr3833549317/,https://www.boxofficemojo.com/year/world/2021/?sort=rank&sortDir=asc
2021,12,Eternals,402064899,no,tt9032400,Q23894629,http://www.wikidata.org/entity/Q23894629,Eternals,film,drama film | action film | adventure film | science fiction film | superhero film | speculative fiction film,United States,Marvel Studios | Walt Disney Studios Motion Pictures,English,P345 (IMDb ID),https://query.wikidata.org/sparql,2026-07-23,CC0 1.0,https://www.boxofficemojo.com/releasegroup/gr1431196165/,https://www.boxofficemojo.com/year/world/2021/?sort=rank&sortDir=asc
2021,13,Black Widow,379751655,no,tt3480822,Q23894626,http://www.wikidata.org/entity/Q23894626,Black Widow,film,action film | adventure film | science fiction film | superhero film | thriller film,United States,Marvel Studios,English,P345 (IMDb ID),https://query.wikidata.org/sparql,2026-07-23,CC0 1.0,https://www.boxofficemojo.com/releasegroup/gr321081861/,https://www.boxofficemojo.com/year/world/2021/?sort=rank&sortDir=asc
2021,14,Free Guy,331526598,no,tt6264654,Q38685497,http://www.wikidata.org/entity/Q38685497,Free Guy,film,fantasy film | comedy film | action film | science fiction film,United States,20th Century Studios | 21 Laps Entertainment | TSG Entertainment | Berlanti Productions,English,P345 (IMDb ID),https://query.wikidata.org/sparql,2026-07-23,CC0 1.0,https://www.boxofficemojo.com/releasegroup/gr642011653/,https://www.boxofficemojo.com/year/world/2021/?sort=rank&sortDir=asc
2021,15,A Quiet Place Part II,297372261,no,tt8332922,Q53911403,http://www.wikidata.org/entity/Q53911403,A Quiet Place: Part II,film,horror film | post-apocalyptic film,United States,Paramount Pictures | Platinum Dunes | Sunday Night Productions,English | American Sign Language,P345 (IMDb ID),https://query.wikidata.org/sparql,2026-07-23,CC0 1.0,https://www.boxofficemojo.com/releasegroup/gr3159642629/,https://www.boxofficemojo.com/year/world/2021/?sort=rank&sortDir=asc
2021,16,Encanto,256786742,yes,tt2953050,Q103372692,http://www.wikidata.org/entity/Q103372692,Encanto,animated film,fantasy film | musical film,United States | Colombia,Walt Disney Pictures,English,P345 (IMDb ID),https://query.wikidata.org/sparql,2026-07-23,CC0 1.0,https://www.boxofficemojo.com/releasegroup/gr2581352965/,https://www.boxofficemojo.com/year/world/2021/?sort=rank&sortDir=asc
2021,17,Cruella,233503234,no,tt3228774,Q24284363,http://www.wikidata.org/entity/Q24284363,Cruella,film,comedy film | adventure film | crime film,United States | United Kingdom,Walt Disney Pictures,English,P345 (IMDb ID),https://query.wikidata.org/sparql,2026-07-23,CC0 1.0,https://www.boxofficemojo.com/releasegroup/gr2221298181/,https://www.boxofficemojo.com/year/world/2021/?sort=rank&sortDir=asc
2021,18,"My Country, My Parents",221831086,no,tt15465312,Q108800348,http://www.wikidata.org/entity/Q108800348,"My Country, My Parents",film,drama film | comedy film | anthology film | science fiction film,People's Republic of China,"China Film Group Co.,Ltd.",Chinese,P345 (IMDb ID),https://query.wikidata.org/sparql,2026-07-23,CC0 1.0,https://www.boxofficemojo.com/releasegroup/gr1488015877/,https://www.boxofficemojo.com/year/world/2021/?sort=rank&sortDir=asc
2021,19,Jungle Cruise,220889446,no,tt0870154,Q24285605,http://www.wikidata.org/entity/Q24285605,Jungle Cruise,film,fantasy film | comedy film | action film | adventure film,United States,Walt Disney Pictures | Davis Entertainment | Seven Bucks Productions,English,P345 (IMDb ID),https://query.wikidata.org/sparql,2026-07-23,CC0 1.0,https://www.boxofficemojo.com/releasegroup/gr2841661957/,https://www.boxofficemojo.com/year/world/2021/?sort=rank&sortDir=asc
2021,20,The Conjuring: The Devil Made Me Do It,206431050,no,tt7069210,Q64145552,http://www.wikidata.org/entity/Q64145552,The Conjuring: The Devil Made Me Do It,film,horror film | mystery film | thriller film | ghost film,United States,New Line Cinema | The Safran Company | Atomic Monster,English,P345 (IMDb ID),https://query.wikidata.org/sparql,2026-07-23,CC0 1.0,https://www.boxofficemojo.com/releasegroup/gr3168489989/,https://www.boxofficemojo.com/year/world/2021/?sort=rank&sortDir=asc
2022,1,Avatar: The Way of Water,2320631329,no,tt1630029,Q3604746,http://www.wikidata.org/entity/Q3604746,Avatar: The Way of Water,film,drama film | action film | adventure film | science fiction film | epic film | speculative fiction film,United States,20th Century Studios | Lightstorm Entertainment | TSG Entertainment,English | Na'vi,P345 (IMDb ID),https://query.wikidata.org/sparql,2026-07-23,CC0 1.0,https://www.boxofficemojo.com/releasegroup/gr1943818757/,https://www.boxofficemojo.com/year/world/2022/?sort=rank&sortDir=asc
2022,2,Top Gun: Maverick,1495696292,no,tt1745960,Q31202708,http://www.wikidata.org/entity/Q31202708,,film,drama film | action film | adventure film,United States,Paramount Pictures | Skydance Media | Q17305144 | Tencent Pictures | TC Productions | New Republic Pictures,English,P345 (IMDb ID),https://query.wikidata.org/sparql,2026-07-23,CC0 1.0,https://www.boxofficemojo.com/releasegroup/gr1928614405/,https://www.boxofficemojo.com/year/world/2022/?sort=rank&sortDir=asc
2022,3,Jurassic World: Dominion,1001978080,no,tt8041270,Q55178974,http://www.wikidata.org/entity/Q55178974,Jurassic World Dominion,film,fantasy film | action film | adventure film | science fiction film | biopunk | thriller film,United States,Amblin Entertainment,English,P345 (IMDb ID),https://query.wikidata.org/sparql,2026-07-23,CC0 1.0,https://www.boxofficemojo.com/releasegroup/gr1700221445/,https://www.boxofficemojo.com/year/world/2022/?sort=rank&sortDir=asc
2022,4,Doctor Strange in the Multiverse of Madness,955775804,no,tt9419884,Q64211112,http://www.wikidata.org/entity/Q64211112,Doctor Strange in the Multiverse of Madness,film,fantasy film | action film | horror film | adventure film | science fiction film | superhero film,United States,Marvel Studios,English,P345 (IMDb ID),https://query.wikidata.org/sparql,2026-07-23,CC0 1.0,https://www.boxofficemojo.com/releasegroup/gr535450117/,https://www.boxofficemojo.com/year/world/2022/?sort=rank&sortDir=asc
2022,5,Minions: The Rise of Gru,940482695,yes,tt5113044,Q60997779,http://www.wikidata.org/entity/Q60997779,Minions: The Rise of Gru,film | animated film,comedy film | action film | family film,United States,Universal Pictures | Illumination,English,P345 (IMDb ID),https://query.wikidata.org/sparql,2026-07-23,CC0 1.0,https://www.boxofficemojo.com/releasegroup/gr101863941/,https://www.boxofficemojo.com/year/world/2022/?sort=rank&sortDir=asc
2022,6,Black Panther: Wakanda Forever,859208836,no,tt9114286,Q54860489,http://www.wikidata.org/entity/Q54860489,Black Panther: Wakanda Forever,film,action film,United States,Marvel Studios,Spanish | English | Mayan | Wakandan,P345 (IMDb ID),https://query.wikidata.org/sparql,2026-07-23,CC0 1.0,https://www.boxofficemojo.com/releasegroup/gr1340101125/,https://www.boxofficemojo.com/year/world/2022/?sort=rank&sortDir=asc
2022,7,The Batman,772245583,no,tt1877830,Q61117344,http://www.wikidata.org/entity/Q61117344,The Batman,film,drama film | action film | crime film | superhero film | thriller film | detective film,United States,Warner Bros. Pictures | DC Studios,English,P345 (IMDb ID),https://query.wikidata.org/sparql,2026-07-23,CC0 1.0,https://www.boxofficemojo.com/releasegroup/gr2204258821/,https://www.boxofficemojo.com/year/world/2022/?sort=rank&sortDir=asc
2022,8,Thor: Love and Thunder,760928081,no,tt10648342,Q65768604,http://www.wikidata.org/entity/Q65768604,Thor: Love and Thunder,film,action film | adventure film | science fiction film | superhero film,United States,,English,P345 (IMDb ID),https://query.wikidata.org/sparql,2026-07-23,CC0 1.0,https://www.boxofficemojo.com/releasegroup/gr4235022853/,https://www.boxofficemojo.com/year/world/2022/?sort=rank&sortDir=asc
2022,9,Water Gate Bridge,626571697,no,tt16194408,Q110795632,http://www.wikidata.org/entity/Q110795632,The Battle at Lake Changjin II,film,war film | epic film | action fiction,People's Republic of China,Shanghai Film Group | August First Film Studio | Huaxia Film Distribution | Damai Entertainment,English | Mandarin | Standard Chinese,P345 (IMDb ID),https://query.wikidata.org/sparql,2026-07-23,CC0 1.0,https://www.boxofficemojo.com/releasegroup/gr1505055237/,https://www.boxofficemojo.com/year/world/2022/?sort=rank&sortDir=asc
2022,10,Puss in Boots: The Last Wish,480466413,yes,tt3915174,Q31271384,http://www.wikidata.org/entity/Q31271384,Puss in Boots: The Last Wish,animated film,fantasy film | comedy film | action film | adventure film | musical film | family film | cinematic fairy tale | thriller film,United States,Universal Pictures | DreamWorks Animation,English,P345 (IMDb ID),https://query.wikidata.org/sparql,2026-07-23,CC0 1.0,https://www.boxofficemojo.com/releasegroup/gr3300413957/,https://www.boxofficemojo.com/year/world/2022/?sort=rank&sortDir=asc
2022,11,Moon Man,460237662,no,tt14557302,Q113353851,http://www.wikidata.org/entity/Q113353851,Moon Man,film,comedy film | science fiction film,People's Republic of China,,,P345 (IMDb ID),https://query.wikidata.org/sparql,2026-07-23,CC0 1.0,https://www.boxofficemojo.com/releasegroup/gr915165701/,https://www.boxofficemojo.com/year/world/2022/?sort=rank&sortDir=asc
2022,12,Fantastic Beasts: The Secrets of Dumbledore,407150844,no,tt4123432,Q18199332,http://www.wikidata.org/entity/Q18199332,Fantastic Beasts: The Secrets of Dumbledore,film,drama film | fantasy film | adventure film | family film,United States | United Kingdom,Warner Bros. Entertainment | Heyday Films,English,P345 (IMDb ID),https://query.wikidata.org/sparql,2026-07-23,CC0 1.0,https://www.boxofficemojo.com/releasegroup/gr1221480965/,https://www.boxofficemojo.com/year/world/2022/?sort=rank&sortDir=asc
2022,13,Uncharted,407141258,no,tt1464335,Q67171881,http://www.wikidata.org/entity/Q67171881,Uncharted,film,action film | adventure film,United States,,English,P345 (IMDb ID),https://query.wikidata.org/sparql,2026-07-23,CC0 1.0,https://www.boxofficemojo.com/releasegroup/gr3224261125/,https://www.boxofficemojo.com/year/world/2022/?sort=rank&sortDir=asc
2022,14,Sonic the Hedgehog 2,405421518,no,tt12412888,Q105970894,http://www.wikidata.org/entity/Q105970894,Sonic the Hedgehog 2,film,comedy film | action film | adventure film | science fiction film | live-action/animated film,United States,Paramount Pictures | Original Film | Blur Studio | Marza Animation Planet,English,P345 (IMDb ID),https://query.wikidata.org/sparql,2026-07-23,CC0 1.0,https://www.boxofficemojo.com/releasegroup/gr614552069/,https://www.boxofficemojo.com/year/world/2022/?sort=rank&sortDir=asc
2022,15,Black Adam,393452111,no,tt6443346,Q28657013,http://www.wikidata.org/entity/Q28657013,Black Adam,film,fantasy film | action film | adventure film | science fiction film | superhero film | speculative fiction film,United States,New Line Cinema | Warner Bros. Entertainment | DC Entertainment | DC Studios | Seven Bucks Productions,English,P345 (IMDb ID),https://query.wikidata.org/sparql,2026-07-23,CC0 1.0,https://www.boxofficemojo.com/releasegroup/gr800018949/,https://www.boxofficemojo.com/year/world/2022/?sort=rank&sortDir=asc
2022,16,Elvis,287740048,no,tt3704428,Q84362533,http://www.wikidata.org/entity/Q84362533,Elvis,film,drama film | biographical film | musical film | gambling film,United States | Australia,Q65557474,English,P345 (IMDb ID),https://query.wikidata.org/sparql,2026-07-23,CC0 1.0,https://www.boxofficemojo.com/releasegroup/gr4112339461/,https://www.boxofficemojo.com/year/world/2022/?sort=rank&sortDir=asc
2022,17,The Bad Guys,250387888,yes,tt8115900,Q97288428,http://www.wikidata.org/entity/Q97288428,The Bad Guys,animated film,comedy film | adventure film | crime film | family film,United States,DreamWorks Animation,English,P345 (IMDb ID),https://query.wikidata.org/sparql,2026-07-23,CC0 1.0,https://www.boxofficemojo.com/releasegroup/gr636375557/,https://www.boxofficemojo.com/year/world/2022/?sort=rank&sortDir=asc
2022,18,The First Slam Dunk,246868956,yes,tt15242330,Q112897629,http://www.wikidata.org/entity/Q112897629,The First Slam Dunk,animated film,sport film,Japan,Toei Animation | DandeLion Animation Studio,Japanese,P345 (IMDb ID),https://query.wikidata.org/sparql,2026-07-23,CC0 1.0,https://www.boxofficemojo.com/releasegroup/gr512184837/,https://www.boxofficemojo.com/year/world/2022/?sort=rank&sortDir=asc
2022,19,Bullet Train,239268602,no,tt12593682,Q99900595,http://www.wikidata.org/entity/Q99900595,Bullet Train,film,action film | thriller film | action comedy film,Japan | United States,Sony Pictures | 87North Productions,English,P345 (IMDb ID),https://query.wikidata.org/sparql,2026-07-23,CC0 1.0,https://www.boxofficemojo.com/releasegroup/gr2109559301/,https://www.boxofficemojo.com/year/world/2022/?sort=rank&sortDir=asc
2022,20,Lightyear,226425420,yes,tt10298810,Q104409060,http://www.wikidata.org/entity/Q104409060,Lightyear,animated film,comedy film | adventure film | science fiction film | family film | superhero fiction | animated film with LGBT character(s),United States,The Walt Disney Company | Pixar | Walt Disney Pictures,English,P345 (IMDb ID),https://query.wikidata.org/sparql,2026-07-23,CC0 1.0,https://www.boxofficemojo.com/releasegroup/gr800805381/,https://www.boxofficemojo.com/year/world/2022/?sort=rank&sortDir=asc
2023,1,Barbie,1447138421,no,tt1517268,Q55436290,http://www.wikidata.org/entity/Q55436290,Barbie,film | live action,fantasy film | comedy film | adventure film | musical film | romance film | teen film | family film | musical comedy | chick flick | fantasy comedy film | romantic comedy film | satirical film,United States | United Kingdom,Heyday Films | LuckyChap Entertainment | Mattel Films,English,P345 (IMDb ID),https://query.wikidata.org/sparql,2026-07-23,CC0 1.0,https://www.boxofficemojo.com/releasegroup/gr629756421/,https://www.boxofficemojo.com/year/world/2023/?sort=rank&sortDir=asc
2023,2,The Super Mario Bros. Movie,1360783214,yes,tt6718170,Q108671102,http://www.wikidata.org/entity/Q108671102,The Super Mario Bros. Movie,animated film,fantasy film | comedy film | adventure film,United States,Nintendo | Illumination,English,P345 (IMDb ID),https://query.wikidata.org/sparql,2026-07-23,CC0 1.0,https://www.boxofficemojo.com/releasegroup/gr2226213381/,https://www.boxofficemojo.com/year/world/2023/?sort=rank&sortDir=asc
2023,3,Oppenheimer,975811333,no,tt15398776,Q108839994,http://www.wikidata.org/entity/Q108839994,Oppenheimer,film,drama film | biographical film | epic film | thriller film | historical film,United States | United Kingdom,Universal Pictures | Syncopy Inc. | Atlas Entertainment,English,P345 (IMDb ID),https://query.wikidata.org/sparql,2026-07-23,CC0 1.0,https://www.boxofficemojo.com/releasegroup/gr531714565/,https://www.boxofficemojo.com/year/world/2023/?sort=rank&sortDir=asc
2023,4,Guardians of the Galaxy Vol. 3,845555777,no,tt6791350,Q29226331,http://www.wikidata.org/entity/Q29226331,Guardians of the Galaxy Vol. 3,film,comedy film | action film | adventure film | space opera | science fiction film | superhero film | speculative fiction film,United States,Marvel Studios | Walt Disney Studios Motion Pictures,English,P345 (IMDb ID),https://query.wikidata.org/sparql,2026-07-23,CC0 1.0,https://www.boxofficemojo.com/releasegroup/gr1455378949/,https://www.boxofficemojo.com/year/world/2023/?sort=rank&sortDir=asc
2023,5,Fast X,704875015,no,tt5433140,Q31271369,http://www.wikidata.org/entity/Q31271369,Fast X,film,action film,United States,,English,P345 (IMDb ID),https://query.wikidata.org/sparql,2026-07-23,CC0 1.0,https://www.boxofficemojo.com/releasegroup/gr1410486789/,https://www.boxofficemojo.com/year/world/2023/?sort=rank&sortDir=asc
2023,6,Spider-Man: Across the Spider-Verse,690542303,yes,tt9362722,Q76448600,http://www.wikidata.org/entity/Q76448600,Spider-Man: Across the Spider-Verse,animated film,comedy film | action film | superhero film | action comedy film | drama fiction,United States,Columbia Pictures | Marvel Entertainment | Sony Pictures Animation,English,P345 (IMDb ID),https://query.wikidata.org/sparql,2026-07-23,CC0 1.0,https://www.boxofficemojo.com/releasegroup/gr3501150725/,https://www.boxofficemojo.com/year/world/2023/?sort=rank&sortDir=asc
2023,7,Full River Red,670491959,no,tt21148018,Q115921533,http://www.wikidata.org/entity/Q115921533,Full River Red,film,drama film | historical film,People's Republic of China,,Mandarin,P345 (IMDb ID),https://query.wikidata.org/sparql,2026-07-23,CC0 1.0,https://www.boxofficemojo.com/releasegroup/gr2694533637/,https://www.boxofficemojo.com/year/world/2023/?sort=rank&sortDir=asc
2023,8,Wonka,634502312,no,tt6166392,Q108456719,http://www.wikidata.org/entity/Q108456719,Wonka,film,fantasy film | comedy film | adventure film | musical film | speculative fiction film,Canada | United States | United Kingdom,Warner Bros. Entertainment | Heyday Films,English,P345 (IMDb ID),https://query.wikidata.org/sparql,2026-07-23,CC0 1.0,https://www.boxofficemojo.com/releasegroup/gr851071493/,https://www.boxofficemojo.com/year/world/2023/?sort=rank&sortDir=asc
2023,9,The Wandering Earth II,615023132,no,tt13539646,Q108659445,http://www.wikidata.org/entity/Q108659445,The Wandering Earth 2,film,science fiction film | action-adventure film,People's Republic of China,China Film Group Corporation,Mandarin,P345 (IMDb ID),https://query.wikidata.org/sparql,2026-07-23,CC0 1.0,https://www.boxofficemojo.com/releasegroup/gr25580037/,https://www.boxofficemojo.com/year/world/2023/?sort=rank&sortDir=asc
2023,10,Mission: Impossible - Dead Reckoning Part One,571125435,no,tt9603212,Q61876370,http://www.wikidata.org/entity/Q61876370,Mission: Impossible – Dead Reckoning Part One,film,action film | spy film,United States,Paramount Pictures | Skydance Media,English,P345 (IMDb ID),https://query.wikidata.org/sparql,2026-07-23,CC0 1.0,https://www.boxofficemojo.com/releasegroup/gr2916700677/,https://www.boxofficemojo.com/year/world/2023/?sort=rank&sortDir=asc
2023,11,The Little Mermaid,569626289,no,tt5971474,Q24357415,http://www.wikidata.org/entity/Q24357415,The Little Mermaid,film,fantasy film | adventure film | musical film | romance film | family film | cinematic fairy tale,United States,Walt Disney Pictures | Marc Platt Productions | Lucamar Productions | 5000 Broadway Productions,English,P345 (IMDb ID),https://query.wikidata.org/sparql,2026-07-23,CC0 1.0,https://www.boxofficemojo.com/releasegroup/gr951210501/,https://www.boxofficemojo.com/year/world/2023/?sort=rank&sortDir=asc
2023,12,No More Bets,532600264,no,tt28076784,Q121438250,http://www.wikidata.org/entity/Q121438250,No More Bets,film,drama film | crime film,People's Republic of China,,English | Thai | Sichuanese | Yue Chinese | Putonghua,P345 (IMDb ID),https://query.wikidata.org/sparql,2026-07-23,CC0 1.0,https://www.boxofficemojo.com/releasegroup/gr3332133381/,https://www.boxofficemojo.com/year/world/2023/?sort=rank&sortDir=asc
2023,13,Elemental,496444308,yes,tt15789038,Q112801489,http://www.wikidata.org/entity/Q112801489,Elemental,animated film,fantasy film | comedy film | adventure film | science fiction film | romance film | family film,United States,Pixar | Walt Disney Pictures,English,P345 (IMDb ID),https://query.wikidata.org/sparql,2026-07-23,CC0 1.0,https://www.boxofficemojo.com/releasegroup/gr1501975045/,https://www.boxofficemojo.com/year/world/2023/?sort=rank&sortDir=asc
2023,14,Lost in the Stars,487637474,no,tt17507018,Q119861439,http://www.wikidata.org/entity/Q119861439,Lost in the Stars,film,,People's Republic of China,,Putonghua,P345 (IMDb ID),https://query.wikidata.org/sparql,2026-07-23,CC0 1.0,https://www.boxofficemojo.com/releasegroup/gr1771983365/,https://www.boxofficemojo.com/year/world/2023/?sort=rank&sortDir=asc
2023,15,Ant-Man and the Wasp: Quantumania,476071180,no,tt10954600,Q105359456,http://www.wikidata.org/entity/Q105359456,Ant-Man and the Wasp: Quantumania,film,fantasy film | comedy film | action film | adventure film | science fiction film | thriller film,United States,Marvel Studios,English,P345 (IMDb ID),https://query.wikidata.org/sparql,2026-07-23,CC0 1.0,https://www.boxofficemojo.com/releasegroup/gr1371492869/,https://www.boxofficemojo.com/year/world/2023/?sort=rank&sortDir=asc
2023,16,John Wick: Chapter 4,447142521,no,tt10366206,Q80322358,http://www.wikidata.org/entity/Q80322358,John Wick: Chapter 4,film,action film | adventure film | crime film | neo-noir | action thriller,United States,Summit Entertainment | Thunder Road Pictures | 87North Productions,English,P345 (IMDb ID),https://query.wikidata.org/sparql,2026-07-23,CC0 1.0,https://www.boxofficemojo.com/releasegroup/gr1684427269/,https://www.boxofficemojo.com/year/world/2023/?sort=rank&sortDir=asc
2023,17,Transformers: Rise of the Beasts,441656550,no,tt5090568,Q107174193,http://www.wikidata.org/entity/Q107174193,Transformers: Rise of the Beasts,film,action film | adventure film | science fiction film,United States | Peru,Paramount Pictures | DreamWorks | Hasbro | Skydance Media | di Bonaventura Pictures | New Republic Pictures | http://www.wikidata.org/.well-known/genid/d8ae9a6e4711aa16184526de428855e2,English,P345 (IMDb ID),https://query.wikidata.org/sparql,2026-07-23,CC0 1.0,https://www.boxofficemojo.com/releasegroup/gr2443334149/,https://www.boxofficemojo.com/year/world/2023/?sort=rank&sortDir=asc
2023,18,Aquaman and the Lost Kingdom,440181226,no,tt9663764,Q91226161,http://www.wikidata.org/entity/Q91226161,Aquaman and the Lost Kingdom,film,fantasy film | action film | adventure film | science fiction film | superhero film | speculative fiction film,United States,Warner Bros. Pictures | The Safran Company | Atomic Monster | DC Studios,English,P345 (IMDb ID),https://query.wikidata.org/sparql,2026-07-23,CC0 1.0,https://www.boxofficemojo.com/releasegroup/gr1898140165/,https://www.boxofficemojo.com/year/world/2023/?sort=rank&sortDir=asc
2023,19,Meg 2: The Trench,398500317,no,tt9224104,Q110842446,http://www.wikidata.org/entity/Q110842446,Meg 2: The Trench,film,action film | horror film | adventure film | science fiction film | kaiju | thriller film,United States | People's Republic of China,"Warner Bros. Studios, Leavesden | China Media Capital | Flagship Entertainment",English | Mandarin,P345 (IMDb ID),https://query.wikidata.org/sparql,2026-07-23,CC0 1.0,https://www.boxofficemojo.com/releasegroup/gr864768517/,https://www.boxofficemojo.com/year/world/2023/?sort=rank&sortDir=asc
2023,20,Indiana Jones and the Dial of Destiny,383963057,no,tt1462764,Q24278982,http://www.wikidata.org/entity/Q24278982,Indiana Jones and the Dial of Destiny,film,action film | adventure film,United States,Paramount Pictures | Lucasfilm,English,P345 (IMDb ID),https://query.wikidata.org/sparql,2026-07-23,CC0 1.0,https://www.boxofficemojo.com/releasegroup/gr152719877/,https://www.boxofficemojo.com/year/world/2023/?sort=rank&sortDir=asc
2024,1,Inside Out 2,1698863816,yes,tt22022452,Q113877606,http://www.wikidata.org/entity/Q113877606,Inside Out 2,animated film,comedy drama | coming-of-age film,United States,Pixar | Walt Disney Pictures,English,P345 (IMDb ID),https://query.wikidata.org/sparql,2026-07-23,CC0 1.0,https://www.boxofficemojo.com/releasegroup/gr2474856965/,https://www.boxofficemojo.com/year/world/2024/?sort=rank&sortDir=asc
2024,2,Deadpool & Wolverine,1338073645,no,tt6263850,Q102180106,http://www.wikidata.org/entity/Q102180106,Deadpool & Wolverine,film,action film | science fiction film | splatter film | superhero film | black comedy film,United States,Marvel Studios | 21 Laps Entertainment | Maximum Effort,English,P345 (IMDb ID),https://query.wikidata.org/sparql,2026-07-23,CC0 1.0,https://www.boxofficemojo.com/releasegroup/gr1015239173/,https://www.boxofficemojo.com/year/world/2024/?sort=rank&sortDir=asc
2024,3,Moana 2,1059242164,yes,tt13622970,Q124457266,http://www.wikidata.org/entity/Q124457266,Moana 2,animated film,fantasy film | adventure film | musical film | family film,United States,Walt Disney Pictures | Q1047410,English,P345 (IMDb ID),https://query.wikidata.org/sparql,2026-07-23,CC0 1.0,https://www.boxofficemojo.com/releasegroup/gr3446166277/,https://www.boxofficemojo.com/year/world/2024/?sort=rank&sortDir=asc
2024,4,Despicable Me 4,972021410,yes,tt7510222,Q113373276,http://www.wikidata.org/entity/Q113373276,Despicable Me 4,animated film,comedy film | animated film,United States,Universal Pictures | Illumination,English,P345 (IMDb ID),https://query.wikidata.org/sparql,2026-07-23,CC0 1.0,https://www.boxofficemojo.com/releasegroup/gr1052004869/,https://www.boxofficemojo.com/year/world/2024/?sort=rank&sortDir=asc
2024,5,Wicked,763963597,no,tt1262426,Q24797403,http://www.wikidata.org/entity/Q24797403,Wicked,film,fantasy film | musical film | cinematic fairy tale,United States,Marc Platt Productions,English,P345 (IMDb ID),https://query.wikidata.org/sparql,2026-07-23,CC0 1.0,https://www.boxofficemojo.com/releasegroup/gr2907984389/,https://www.boxofficemojo.com/year/world/2024/?sort=rank&sortDir=asc
2024,6,Mufasa: The Lion King,722631756,yes,tt13186482,Q114242678,http://www.wikidata.org/entity/Q114242678,Mufasa: The Lion King,animated film,drama film | adventure film | musical film | family film,United States,Walt Disney Pictures,English,P345 (IMDb ID),https://query.wikidata.org/sparql,2026-07-23,CC0 1.0,https://www.boxofficemojo.com/releasegroup/gr816992773/,https://www.boxofficemojo.com/year/world/2024/?sort=rank&sortDir=asc
2024,7,Dune: Part Two,714844358,no,tt15239678,Q109228991,http://www.wikidata.org/entity/Q109228991,Dune: Part Two,film,action film | adventure film | science fiction film | epic film | speculative fiction film,Canada | Hungary | United States | Italy | New Zealand | Jordan | United Arab Emirates | The Gambia,Legendary Pictures,English,P345 (IMDb ID),https://query.wikidata.org/sparql,2026-07-23,CC0 1.0,https://www.boxofficemojo.com/releasegroup/gr2058375685/,https://www.boxofficemojo.com/year/world/2024/?sort=rank&sortDir=asc
2024,8,Godzilla X Kong: The New Empire,572050016,no,tt14539740,Q113360912,http://www.wikidata.org/entity/Q113360912,Godzilla x Kong: The New Empire,film,action film | adventure film | science fiction film | monster film | thriller film | speculative fiction film,United States | Australia,Legendary Pictures,English,P345 (IMDb ID),https://query.wikidata.org/sparql,2026-07-23,CC0 1.0,https://www.boxofficemojo.com/releasegroup/gr2995671557/,https://www.boxofficemojo.com/year/world/2024/?sort=rank&sortDir=asc
2024,9,Kung Fu Panda 4,547946428,yes,tt21692408,Q114707487,http://www.wikidata.org/entity/Q114707487,Kung Fu Panda 4,animated film,comedy film | animated film | martial arts film,United States,DreamWorks Animation,English,P345 (IMDb ID),https://query.wikidata.org/sparql,2026-07-23,CC0 1.0,https://www.boxofficemojo.com/releasegroup/gr361583109/,https://www.boxofficemojo.com/year/world/2024/?sort=rank&sortDir=asc
2024,10,Sonic the Hedgehog 3,492162604,no,tt18259086,Q115859490,http://www.wikidata.org/entity/Q115859490,Sonic the Hedgehog 3,film,comedy film | action film | animated film | adventure film | science fiction film | family film | live-action/animated film,Japan | United States,Paramount Pictures | Original Film | Blur Studio | Sega Sammy Holdings | Marza Animation Planet,English,P345 (IMDb ID),https://query.wikidata.org/sparql,2026-07-23,CC0 1.0,https://www.boxofficemojo.com/releasegroup/gr596464133/,https://www.boxofficemojo.com/year/world/2024/?sort=rank&sortDir=asc
2024,11,Venom: The Last Dance,478937618,no,tt16366836,Q113371337,http://www.wikidata.org/entity/Q113371337,Venom: The Last Dance,film,action film | science fiction film | superhero film | thriller film,United States,Columbia Pictures,English,P345 (IMDb ID),https://query.wikidata.org/sparql,2026-07-23,CC0 1.0,https://www.boxofficemojo.com/releasegroup/gr1622168069/,https://www.boxofficemojo.com/year/world/2024/?sort=rank&sortDir=asc
2024,12,Gladiator II,462180717,no,tt9218128,Q115789958,http://www.wikidata.org/entity/Q115789958,Gladiator II,film,drama film | action film | adventure film | epic film | sword-and-sandal film | historical film,United States | United Kingdom,Paramount Pictures | Universal Pictures | DreamWorks | Scott Free Productions | Red Wagon Entertainment,English,P345 (IMDb ID),https://query.wikidata.org/sparql,2026-07-23,CC0 1.0,https://www.boxofficemojo.com/releasegroup/gr293949957/,https://www.boxofficemojo.com/year/world/2024/?sort=rank&sortDir=asc
2024,13,Beetlejuice Beetlejuice,452000435,no,tt2049403,Q112865900,http://www.wikidata.org/entity/Q112865900,Beetlejuice Beetlejuice,film,black comedy | drama film | fantasy film | comedy film | comedy horror,United States,Plan B Entertainment | Tim Burton Productions,English,P345 (IMDb ID),https://query.wikidata.org/sparql,2026-07-23,CC0 1.0,https://www.boxofficemojo.com/releasegroup/gr3784856069/,https://www.boxofficemojo.com/year/world/2024/?sort=rank&sortDir=asc
2024,14,Yolo,433606094,no,tt28151876,Q124487214,http://www.wikidata.org/entity/Q124487214,YOLO,film,comedy drama,People's Republic of China,,Putonghua,P345 (IMDb ID),https://query.wikidata.org/sparql,2026-07-23,CC0 1.0,https://www.boxofficemojo.com/releasegroup/gr1905545733/,https://www.boxofficemojo.com/year/world/2024/?sort=rank&sortDir=asc
2024,15,Pegasus 2,422878491,no,tt30829309,Q124326642,http://www.wikidata.org/entity/Q124326642,Pegasus 2,film,drama film | comedy film | sport film,People's Republic of China,,Putonghua,P345 (IMDb ID),https://query.wikidata.org/sparql,2026-07-23,CC0 1.0,https://www.boxofficemojo.com/releasegroup/gr2677363205/,https://www.boxofficemojo.com/year/world/2024/?sort=rank&sortDir=asc
2024,16,Successor,422307398,no,tt32613601,Q126942991,http://www.wikidata.org/entity/Q126942991,Successor,film,drama film | comedy film,People's Republic of China,,,P345 (IMDb ID),https://query.wikidata.org/sparql,2026-07-23,CC0 1.0,https://www.boxofficemojo.com/releasegroup/gr2657112837/,https://www.boxofficemojo.com/year/world/2024/?sort=rank&sortDir=asc
2024,17,Bad Boys: Ride or Die,404550184,no,tt4919268,Q31271357,http://www.wikidata.org/entity/Q31271357,Bad Boys: Ride or Die,film,action film | action comedy film | buddy cop film,United States,Columbia Pictures | Sony Pictures | Q17305144,English,P345 (IMDb ID),https://query.wikidata.org/sparql,2026-07-23,CC0 1.0,https://www.boxofficemojo.com/releasegroup/gr127816197/,https://www.boxofficemojo.com/year/world/2024/?sort=rank&sortDir=asc
2024,18,Kingdom of the Planet of the Apes,397378150,no,tt11389872,Q114314695,http://www.wikidata.org/entity/Q114314695,Kingdom of the Planet of the Apes,film,adventure film | science fiction action film,United States,20th Century Studios | Chernin Entertainment,English,P345 (IMDb ID),https://query.wikidata.org/sparql,2026-07-23,CC0 1.0,https://www.boxofficemojo.com/releasegroup/gr850547205/,https://www.boxofficemojo.com/year/world/2024/?sort=rank&sortDir=asc
2024,19,Twisters,372262265,no,tt12584954,Q115932556,http://www.wikidata.org/entity/Q115932556,Twisters,film,disaster film,United States,Warner Bros. Entertainment | Universal Pictures | DreamWorks | Amblin Entertainment | The Kennedy/Marshall Company,English,P345 (IMDb ID),https://query.wikidata.org/sparql,2026-07-23,CC0 1.0,https://www.boxofficemojo.com/releasegroup/gr3179696645/,https://www.boxofficemojo.com/year/world/2024/?sort=rank&sortDir=asc
2024,20,It Ends with Us,351441044,no,tt10655524,Q118641054,http://www.wikidata.org/entity/Q118641054,It Ends With Us,film,romance film,United States,,English,P345 (IMDb ID),https://query.wikidata.org/sparql,2026-07-23,CC0 1.0,https://www.boxofficemojo.com/releasegroup/gr2879279621/,https://www.boxofficemojo.com/year/world/2024/?sort=rank&sortDir=asc
2025,1,Ne Zha 2,2267446370,yes,tt34956443,Q131937861,http://www.wikidata.org/entity/Q131937861,Ne Zha 2,animated film,drama film | fantasy film | action film | adventure film,People's Republic of China,Beijing Enlight Pictures | Beijing Enlight Media,Putonghua,P345 (IMDb ID),https://query.wikidata.org/sparql,2026-07-23,CC0 1.0,https://www.boxofficemojo.com/releasegroup/gr2405716741/,https://www.boxofficemojo.com/year/world/2025/?sort=rank&sortDir=asc
2025,2,Zootopia 2,1866647950,yes,tt26443597,Q116764712,http://www.wikidata.org/entity/Q116764712,Zootopia 2,animated film,comedy film | adventure film | family film | buddy cop film,United States,Walt Disney Pictures | Q1047410,English,P345 (IMDb ID),https://query.wikidata.org/sparql,2026-07-23,CC0 1.0,https://www.boxofficemojo.com/releasegroup/gr2845135365/,https://www.boxofficemojo.com/year/world/2025/?sort=rank&sortDir=asc
2025,3,Avatar: Fire and Ash,1485999890,no,tt1757678,Q29580929,http://www.wikidata.org/entity/Q29580929,Avatar: Fire and Ash,film,action film | science fiction film,United States,20th Century Studios | Lightstorm Entertainment,English | Na'vi,P345 (IMDb ID),https://query.wikidata.org/sparql,2026-07-23,CC0 1.0,https://www.boxofficemojo.com/releasegroup/gr2771014149/,https://www.boxofficemojo.com/year/world/2025/?sort=rank&sortDir=asc
2025,4,Lilo & Stitch,1038027526,no,tt11655566,Q59395971,http://www.wikidata.org/entity/Q59395971,Lilo & Stitch,film,fantasy film | comedy film | science fiction film | comedy drama,United States,Walt Disney Pictures | Rideback,English | Hawaiian,P345 (IMDb ID),https://query.wikidata.org/sparql,2026-07-23,CC0 1.0,https://www.boxofficemojo.com/releasegroup/gr1868714757/,https://www.boxofficemojo.com/year/world/2025/?sort=rank&sortDir=asc
2025,5,A Minecraft Movie,960387780,no,tt3566834,Q40083273,http://www.wikidata.org/entity/Q40083273,A Minecraft Movie,film,fantasy film | comedy film | action film | adventure film | family film,United States | Sweden,Legendary Pictures | Mojang Studios | Vertigo Entertainment,English,P345 (IMDb ID),https://query.wikidata.org/sparql,2026-07-23,CC0 1.0,https://www.boxofficemojo.com/releasegroup/gr1926910469/,https://www.boxofficemojo.com/year/world/2025/?sort=rank&sortDir=asc
2025,6,Jurassic World: Rebirth,869146189,no,tt31036941,Q124380480,http://www.wikidata.org/entity/Q124380480,Jurassic World Rebirth,film,drama film | action film | adventure film | science fiction film | science fiction action film,United States,Amblin Entertainment | The Kennedy/Marshall Company,English,P345 (IMDb ID),https://query.wikidata.org/sparql,2026-07-23,CC0 1.0,https://www.boxofficemojo.com/releasegroup/gr4002763269/,https://www.boxofficemojo.com/year/world/2025/?sort=rank&sortDir=asc
2025,7,Demon Slayer: Kimetsu No Yaiba Infinity Castle,793498985,yes,tt32820897,Q126948105,http://www.wikidata.org/entity/Q126948105,Demon Slayer: Kimetsu no Yaiba – Infinity Castle,anime film,adventure anime | fantasy anime | action anime | thriller anime,Japan,Ufotable,Japanese,P345 (IMDb ID),https://query.wikidata.org/sparql,2026-07-23,CC0 1.0,https://www.boxofficemojo.com/releasegroup/gr342119173/,https://www.boxofficemojo.com/year/world/2025/?sort=rank&sortDir=asc
2025,8,How to Train Your Dragon,636596299,no,tt26743210,Q118904382,http://www.wikidata.org/entity/Q118904382,How to Train Your Dragon,film,fantasy film | action film | adventure film | teen film | monster film | family film | sword and sorcery film,United States,DreamWorks | DreamWorks Animation | Marc Platt Productions,English,P345 (IMDb ID),https://query.wikidata.org/sparql,2026-07-23,CC0 1.0,https://www.boxofficemojo.com/releasegroup/gr2474922501/,https://www.boxofficemojo.com/year/world/2025/?sort=rank&sortDir=asc
2025,9,F1: The Movie,634142436,no,tt16311594,Q114246242,http://www.wikidata.org/entity/Q114246242,F1,film,action film | sport film,United States,Plan B Entertainment | Q17305144 | Q108570460,English,P345 (IMDb ID),https://query.wikidata.org/sparql,2026-07-23,CC0 1.0,https://www.boxofficemojo.com/releasegroup/gr4100936453/,https://www.boxofficemojo.com/year/world/2025/?sort=rank&sortDir=asc
2025,10,Superman,618723803,no,tt5950044,Q116547790,http://www.wikidata.org/entity/Q116547790,Superman,film,fantasy film | action film | adventure film | science fiction film | superhero film,United States,DC Studios,English,P345 (IMDb ID),https://query.wikidata.org/sparql,2026-07-23,CC0 1.0,https://www.boxofficemojo.com/releasegroup/gr746934789/,https://www.boxofficemojo.com/year/world/2025/?sort=rank&sortDir=asc
2025,11,Mission: Impossible - The Final Reckoning,598767057,no,tt9603208,Q61876374,http://www.wikidata.org/entity/Q61876374,Mission: Impossible – The Final Reckoning,film,action film | spy film,United States | United Kingdom,Paramount Pictures,English,P345 (IMDb ID),https://query.wikidata.org/sparql,2026-07-23,CC0 1.0,https://www.boxofficemojo.com/releasegroup/gr1885491717/,https://www.boxofficemojo.com/year/world/2025/?sort=rank&sortDir=asc
2025,12,Wicked: For Good,540807971,no,tt19847976,Q114817050,http://www.wikidata.org/entity/Q114817050,Wicked: For Good,film,fantasy film | musical film,United States,Marc Platt Productions,English,P345 (IMDb ID),https://query.wikidata.org/sparql,2026-07-23,CC0 1.0,https://www.boxofficemojo.com/releasegroup/gr1233736197/,https://www.boxofficemojo.com/year/world/2025/?sort=rank&sortDir=asc
2025,13,The Fantastic Four: First Steps,521858728,no,tt10676052,Q105105219,http://www.wikidata.org/entity/Q105105219,The Fantastic Four: First Steps,film,action film | adventure film | science fiction film,United States,Marvel Studios,English,P345 (IMDb ID),https://query.wikidata.org/sparql,2026-07-23,CC0 1.0,https://www.boxofficemojo.com/releasegroup/gr2727170565/,https://www.boxofficemojo.com/year/world/2025/?sort=rank&sortDir=asc
2025,14,Detective Chinatown 1900,500282092,no,tt34463310,Q131522509,http://www.wikidata.org/entity/Q131522509,Detective Chinatown 1900,film,comedy film | action film | mystery fiction,People's Republic of China,China Film Group Corporation | Wanda Media | Tianjin Maoyan Weiying Culture Media,English | Navajo | Putonghua,P345 (IMDb ID),https://query.wikidata.org/sparql,2026-07-23,CC0 1.0,https://www.boxofficemojo.com/releasegroup/gr258298629/,https://www.boxofficemojo.com/year/world/2025/?sort=rank&sortDir=asc
2025,15,The Conjuring: Last Rites,499256445,no,tt22898462,Q114802043,http://www.wikidata.org/entity/Q114802043,The Conjuring: Last Rites,film,horror film | supernatural horror film,United States,New Line Cinema | The Safran Company | Atomic Monster,English,P345 (IMDb ID),https://query.wikidata.org/sparql,2026-07-23,CC0 1.0,https://www.boxofficemojo.com/releasegroup/gr3044233989/,https://www.boxofficemojo.com/year/world/2025/?sort=rank&sortDir=asc
2025,16,Dead to Rights,422789550,no,tt36598036,Q135110330,http://www.wikidata.org/entity/Q135110330,Dead To Rights,film,,People's Republic of China,"China Film Group Co.,Ltd.",Standard Chinese,P345 (IMDb ID),https://query.wikidata.org/sparql,2026-07-23,CC0 1.0,https://www.boxofficemojo.com/releasegroup/gr3229373189/,https://www.boxofficemojo.com/year/world/2025/?sort=rank&sortDir=asc
2025,17,Captain America: Brave New World,415101577,no,tt14513804,Q112322116,http://www.wikidata.org/entity/Q112322116,Captain America: Brave New World,film,action film | adventure film | science fiction film | superhero film,United States,Marvel Studios,English,P345 (IMDb ID),https://query.wikidata.org/sparql,2026-07-23,CC0 1.0,https://www.boxofficemojo.com/releasegroup/gr2894942725/,https://www.boxofficemojo.com/year/world/2025/?sort=rank&sortDir=asc
2025,18,The Housemaid,400530884,no,tt27543632,Q131630491,http://www.wikidata.org/entity/Q131630491,The Housemaid,film,thriller film,United States,,English,P345 (IMDb ID),https://query.wikidata.org/sparql,2026-07-23,CC0 1.0,https://www.boxofficemojo.com/releasegroup/gr3966128901/,https://www.boxofficemojo.com/year/world/2025/?sort=rank&sortDir=asc
2025,19,Thunderbolts*,382436917,no,tt20969586,Q112322474,http://www.wikidata.org/entity/Q112322474,Thunderbolts*,film,action film | adventure film | science fiction film | crime film | superhero film,United States,Marvel Studios,English,P345 (IMDb ID),https://query.wikidata.org/sparql,2026-07-23,CC0 1.0,https://www.boxofficemojo.com/releasegroup/gr2911719941/,https://www.boxofficemojo.com/year/world/2025/?sort=rank&sortDir=asc
2025,20,Sinners,370289632,no,tt31193180,Q125473145,http://www.wikidata.org/entity/Q125473145,Sinners,film,drama film | fantasy film | horror film | vampire film | thriller film,United States,Proximity Media,English,P345 (IMDb ID),https://query.wikidata.org/sparql,2026-07-23,CC0 1.0,https://www.boxofficemojo.com/releasegroup/gr3429585669/,https://www.boxofficemojo.com/year/world/2025/?sort=rank&sortDir=asc
